,name,number
0,/data1/users/tfunck/receptor/MR2/img_lin/R_slab_5/RS#HG#MR2s5#R#sr95#7625#12#L.TIF,0.0
0,/data1/users/tfunck/receptor/MR2/img_lin/R_slab_5/RS#HG#MR2s5#R#keta#7509#38#L.TIF,1.0
0,/data1/users/tfunck/receptor/MR2/img_lin/R_slab_5/RS#HG#MR2s5#R#keta#7505#16#L.TIF,2.0
0,/data1/users/tfunck/receptor/MR2/img_lin/R_slab_5/RS#HG#MR2s5#R#damp#7601#07#L.TIF,3.0
0,/data1/users/tfunck/receptor/MR2/img_lin/R_slab_5/RS#HG#MR2s5#R#musc#7473#08#L.TIF,4.0
0,/data1/users/tfunck/receptor/MR2/img_lin/R_slab_5/RS#HG#MR2s5#R#epib#7551#46#L.TIF,5.0
0,/data1/users/tfunck/receptor/MR2/img_lin/R_slab_5/RS#HG#MR2s5#R#praz#7519#48#L.TIF,6.0
0,/data1/users/tfunck/receptor/MR2/img_lin/R_slab_5/RS#HG#MR2s5#R#afdx#7613#40#L.TIF,7.0
0,/data1/users/tfunck/receptor/MR2/img_lin/R_slab_5/RS#HG#MR2s5#R#praz#7513#01#L.TIF,8.0
0,/data1/users/tfunck/receptor/MR2/img_lin/R_slab_5/RS#HG#MR2S5#R#cgp5#7592#51#L.TIF,9.0
0,/data1/users/tfunck/receptor/MR2/img_lin/R_slab_5/RS#HG#MR2s5#R#oxot#7489#10#L.TIF,10.0
0,/data1/users/tfunck/receptor/MR2/img_lin/R_slab_5/RS#HG#MR2s5#R#kain#7459#27#L.TIF,11.0
0,/data1/users/tfunck/receptor/MR2/img_lin/R_slab_5/RS#HG#MR2s5#R#sch2#7537#14#L.TIF,12.0
0,/data1/users/tfunck/receptor/MR2/img_lin/R_slab_5/RS#HG#MR2s5#R#damp#7605#37#L.TIF,13.0
0,/data1/users/tfunck/receptor/MR2/img_lin/R_slab_5/RS#HG#MR2s5#R#dpmg#7584#52#L.TIF,14.0
0,/data1/users/tfunck/receptor/MR2/img_lin/R_slab_5/RS#HG#MR2s5#R#ly34#7618#24#L.TIF,15.0
0,/data1/users/tfunck/receptor/MR2/img_lin/R_slab_5/RS#HG#MR2s5#R#dpat#7501#40#L.TIF,16.0
0,/data1/users/tfunck/receptor/MR2/img_lin/R_slab_5/RS#HG#MR2s5#R#kain#7463#49#L.TIF,17.0
0,/data1/users/tfunck/receptor/MR2/img_lin/R_slab_5/RS#HG#MR2s5#R#rx82#7530#18#L.TIF,18.0
0,/data1/users/tfunck/receptor/MR2/img_lin/R_slab_5/RS#HG#MR2s5#R#afdx#7611#26#L.TIF,19.0
0,/data1/users/tfunck/receptor/MR2/img_lin/R_slab_5/RS#HG#MR2s5#R#pire#9586#22#L.TIF,20.0
0,/data1/users/tfunck/receptor/MR2/img_lin/R_slab_5/RS#HG#MR2s5#R#rx82#7531#26#L.TIF,21.0
0,/data1/users/tfunck/receptor/MR2/img_lin/R_slab_5/RS#HG#MR2s5#R#rx82#7533#34#L.TIF,22.0
0,/data1/users/tfunck/receptor/MR2/img_lin/R_slab_5/RS#HG#MR2s5#R#afdx#7609#08#L.TIF,23.0
0,/data1/users/tfunck/receptor/MR2/img_lin/R_slab_5/RS#HG#MR2s5#R#sr95#7626#23#L.TIF,24.0
0,/data1/users/tfunck/receptor/MR2/img_lin/R_slab_5/RS#HG#MR2s5#R#oxot#7492#31#L.TIF,25.0
0,/data1/users/tfunck/receptor/MR2/img_lin/R_slab_5/RS#HG#MR2s5#R#epib#7551#47#L.TIF,26.0
0,/data1/users/tfunck/receptor/MR2/img_lin/R_slab_5/RS#HG#MR2s5#R#rx82#7530#16#L.TIF,27.0
0,/data1/users/tfunck/receptor/MR2/img_lin/R_slab_5/RS#HG#MR2s5#R#kain#7461#40#L.TIF,28.0
0,/data1/users/tfunck/receptor/MR2/img_lin/R_slab_5/RS#HG#MR2s5#R#uk14#7521#05#L.TIF,29.0
0,/data1/users/tfunck/receptor/MR2/img_lin/R_slab_5/RS#HG#MR2s5#R#oxot#7489#04#L.TIF,30.0
0,/data1/users/tfunck/receptor/MR2/img_lin/R_slab_5/RS#HG#MR2s5#R#dpmg#7577#14#L.TIF,31.0
0,/data1/users/tfunck/receptor/MR2/img_lin/R_slab_5/RS#HG#MR2s5#R#sch2#7539#28#L.TIF,32.0
0,/data1/users/tfunck/receptor/MR2/img_lin/R_slab_5/RS#HG#MR2s5#R#praz#7513#12#L.TIF,33.0
0,/data1/users/tfunck/receptor/MR2/img_lin/R_slab_5/RS#HG#MR2s5#R#flum#7594#22#L.TIF,34.0
0,/data1/users/tfunck/receptor/MR2/img_lin/R_slab_5/RS#HG#MR2s5#R#uk14#7521#09#L.TIF,35.0
0,/data1/users/tfunck/receptor/MR2/img_lin/R_slab_5/RS#HG#MR2S5#R#cgp5#7585#12#L.TIF,36.0
0,/data1/users/tfunck/receptor/MR2/img_lin/R_slab_5/RS#HG#MR2s5#R#dpat#7497#07#L.TIF,37.0
0,/data1/users/tfunck/receptor/MR2/img_lin/R_slab_5/RS#HG#MR2s5#R#mk80#7465#14#L.TIF,38.0
0,/data1/users/tfunck/receptor/MR2/img_lin/R_slab_5/RS#HG#MR2s5#R#oxot#7493#38#L.TIF,39.0
0,/data1/users/tfunck/receptor/MR2/img_lin/R_slab_5/RS#HG#MR2s5#R#pire#9587#30#L.TIF,40.0
0,/data1/users/tfunck/receptor/MR2/img_lin/R_slab_5/RS#HG#MR2S5#R#cgp5#7588#38#L.TIF,41.0
0,/data1/users/tfunck/receptor/MR2/img_lin/R_slab_5/RS#HG#MR2s5#R#sr95#7630#37#L.TIF,42.0
0,/data1/users/tfunck/receptor/MR2/img_lin/R_slab_5/RS#HG#MR2s5#R#musc#7475#26#L.TIF,43.0
0,/data1/users/tfunck/receptor/MR2/img_lin/R_slab_5/RS#HG#MR2s5#R#mk80#7470#43#L.TIF,44.0
0,/data1/users/tfunck/receptor/MR2/img_lin/R_slab_5/RS#HG#MR2s5#R#epib#7545#04#L.TIF,45.0
0,/data1/users/tfunck/receptor/MR2/img_lin/R_slab_5/RS#HG#MR2s5#R#afdx#7609#03#L.TIF,46.0
0,/data1/users/tfunck/receptor/MR2/img_lin/R_slab_5/RS#HG#MR2s5#R#pire#9586#24#L.TIF,47.0
0,/data1/users/tfunck/receptor/MR2/img_lin/R_slab_5/RS#HG#MR2s5#R#uk14#7528#51#L.TIF,48.0
0,/data1/users/tfunck/receptor/MR2/img_lin/R_slab_5/RS#HG#MR2s5#R#sch2#7537#08#L.TIF,49.0
0,/data1/users/tfunck/receptor/MR2/img_lin/R_slab_5/RS#HG#MR2s5#R#pire#9585#01#L.TIF,50.0
0,/data1/users/tfunck/receptor/MR2/img_lin/R_slab_5/RS#HG#MR2s5#R#sr95#7627#27#L.TIF,51.0
0,/data1/users/tfunck/receptor/MR2/img_lin/R_slab_5/RS#HG#MR2s5#R#sch2#7542#41#L.TIF,52.0
0,/data1/users/tfunck/receptor/MR2/img_lin/R_slab_5/RS#HG#MR2s5#R#afdx#7615#46#L.TIF,53.0
0,/data1/users/tfunck/receptor/MR2/img_lin/R_slab_5/RS#HG#MR2s5#R#sch2#7538#20#L.TIF,54.0
0,/data1/users/tfunck/receptor/MR2/img_lin/R_slab_5/RS#HG#MR2s5#R#ampa#7450#23#L.TIF,55.0
0,/data1/users/tfunck/receptor/MR2/img_lin/R_slab_5/RS#HG#MR2s5#R#ly34#7621#37#L.TIF,56.0
0,/data1/users/tfunck/receptor/MR2/img_lin/R_slab_5/RS#HG#MR2s5#R#rx82#7532#29#L.TIF,57.0
0,/data1/users/tfunck/receptor/MR2/img_lin/R_slab_5/RS#HG#MR2S5#R#cgp5#7585#15#L.TIF,58.0
0,/data1/users/tfunck/receptor/MR2/img_lin/R_slab_5/RS#HG#MR2s5#R#ampa#7454#46#L.TIF,59.0
0,/data1/users/tfunck/receptor/MR2/img_lin/R_slab_5/RS#HG#MR2s5#R#afdx#7613#38#L.TIF,60.0
0,/data1/users/tfunck/receptor/MR2/img_lin/R_slab_5/RS#HG#MR2s5#R#damp#7602#18#L.TIF,61.0
0,/data1/users/tfunck/receptor/MR2/img_lin/R_slab_5/RS#HG#MR2s5#R#uk14#7521#15#L.TIF,62.0
0,/data1/users/tfunck/receptor/MR2/img_lin/R_slab_5/RS#HG#MR2s5#R#dpat#7497#08#L.TIF,63.0
0,/data1/users/tfunck/receptor/MR2/img_lin/R_slab_5/RS#HG#MR2s5#R#mk80#7469#37#L.TIF,64.0
0,/data1/users/tfunck/receptor/MR2/img_lin/R_slab_5/RS#HG#MR2S5#R#cgp5#7586#19#L.TIF,65.0
0,/data1/users/tfunck/receptor/MR2/img_lin/R_slab_5/RS#HG#MR2s5#R#rx82#7529#10#L.TIF,66.0
0,/data1/users/tfunck/receptor/MR2/img_lin/R_slab_5/RS#HG#MR2s5#R#rx82#7529#09#L.TIF,67.0
0,/data1/users/tfunck/receptor/MR2/img_lin/R_slab_5/RS#HG#MR2s5#R#dpmg#7577#11#L.TIF,68.0
0,/data1/users/tfunck/receptor/MR2/img_lin/R_slab_5/RS#HG#MR2s5#R#ampa#7452#36#L.TIF,69.0
0,/data1/users/tfunck/receptor/MR2/img_lin/R_slab_5/RS#HG#MR2s5#R#dpmg#7578#22#L.TIF,70.0
0,/data1/users/tfunck/receptor/MR2/img_lin/R_slab_5/RS#HG#MR2s5#R#uk14#7524#31#L.TIF,71.0
0,/data1/users/tfunck/receptor/MR2/img_lin/R_slab_5/RS#HG#MR2s5#R#ampa#7452#37#L.TIF,72.0
0,/data1/users/tfunck/receptor/MR2/img_lin/R_slab_5/RS#HG#MR2s5#R#pire#9589#44#L.TIF,73.0
0,/data1/users/tfunck/receptor/MR2/img_lin/R_slab_5/RS#HG#MR2s5#R#keta#7511#49#L.TIF,74.0
0,/data1/users/tfunck/receptor/MR2/img_lin/R_slab_5/RS#HG#MR2s5#R#praz#7513#02#L.TIF,75.0
0,/data1/users/tfunck/receptor/MR2/img_lin/R_slab_5/RS#HG#MR2s5#R#damp#7603#29#L.TIF,76.0
0,/data1/users/tfunck/receptor/MR2/img_lin/R_slab_5/RS#HG#MR2s5#R#damp#7608#52#L.TIF,77.0
0,/data1/users/tfunck/receptor/MR2/img_lin/R_slab_5/RS#HG#MR2s5#R#dpat#7498#21#L.TIF,78.0
0,/data1/users/tfunck/receptor/MR2/img_lin/R_slab_5/RS#HG#MR2s5#R#sr95#7629#34#L.TIF,79.0
0,/data1/users/tfunck/receptor/MR2/img_lin/R_slab_5/RS#HG#MR2s5#R#kain#7461#39#L.TIF,80.0
0,/data1/users/tfunck/receptor/MR2/img_lin/R_slab_5/RS#HG#MR2s5#R#ly34#7617#03#L.TIF,81.0
0,/data1/users/tfunck/receptor/MR2/img_lin/R_slab_5/RS#HG#MR2s5#R#flum#7597#43#L.TIF,82.0
0,/data1/users/tfunck/receptor/MR2/img_lin/R_slab_5/RS#HG#MR2s5#R#epib#7548#36#L.TIF,83.0
0,/data1/users/tfunck/receptor/MR2/img_lin/R_slab_5/RS#HG#MR2s5#R#afdx#7616#50#L.TIF,84.0
0,/data1/users/tfunck/receptor/MR2/img_lin/R_slab_5/RS#HG#MR2s5#R#oxot#7495#48#L.TIF,85.0
0,/data1/users/tfunck/receptor/MR2/img_lin/R_slab_5/RS#HG#MR2s5#R#mk80#7469#40#L.TIF,86.0
0,/data1/users/tfunck/receptor/MR2/img_lin/R_slab_5/RS#HG#MR2s5#R#sch2#7544#51#L.TIF,87.0
0,/data1/users/tfunck/receptor/MR2/img_lin/R_slab_5/RS#HG#MR2s5#R#musc#7474#25#L.TIF,88.0
0,/data1/users/tfunck/receptor/MR2/img_lin/R_slab_5/RS#HG#MR2s5#R#dpmg#7580#33#L.TIF,89.0
0,/data1/users/tfunck/receptor/MR2/img_lin/R_slab_5/RS#HG#MR2s5#R#dpat#7499#26#L.TIF,90.0
0,/data1/users/tfunck/receptor/MR2/img_lin/R_slab_5/RS#HG#MR2s5#R#oxot#7490#16#L.TIF,91.0
0,/data1/users/tfunck/receptor/MR2/img_lin/R_slab_5/RS#HG#MR2s5#R#afdx#7610#18#L.TIF,92.0
0,/data1/users/tfunck/receptor/MR2/img_lin/R_slab_5/RS#HG#MR2s5#R#rx82#7536#49#L.TIF,93.0
0,/data1/users/tfunck/receptor/MR2/img_lin/R_slab_5/RS#HG#MR2s5#R#dpmg#7583#47#L.TIF,94.0
0,/data1/users/tfunck/receptor/MR2/img_lin/R_slab_5/RS#HG#MR2S5#R#kain#8666#29#L.TIF,95.0
0,/data1/users/tfunck/receptor/MR2/img_lin/R_slab_5/RS#HG#MR2s5#R#sr95#7625#01#L.TIF,96.0
0,/data1/users/tfunck/receptor/MR2/img_lin/R_slab_5/RS#HG#MR2s5#R#sch2#7538#22#L.TIF,97.0
0,/data1/users/tfunck/receptor/MR2/img_lin/R_slab_5/RS#HG#MR2s5#R#sr95#7631#47#L.TIF,98.0
0,/data1/users/tfunck/receptor/MR2/img_lin/R_slab_5/RS#HG#MR2S5#R#cgp5#7589#43#L.TIF,99.0
0,/data1/users/tfunck/receptor/MR2/img_lin/R_slab_5/RS#HG#MR2s5#R#rx82#7529#06#L.TIF,100.0
0,/data1/users/tfunck/receptor/MR2/img_lin/R_slab_5/RS#HG#MR2s5#R#sch2#7539#25#L.TIF,101.0
0,/data1/users/tfunck/receptor/MR2/img_lin/R_slab_5/RS#HG#MR2s5#R#ly34#7621#40#L.TIF,102.0
0,/data1/users/tfunck/receptor/MR2/img_lin/R_slab_5/RS#HG#MR2s5#R#kain#7459#28#L.TIF,103.0
0,/data1/users/tfunck/receptor/MR2/img_lin/R_slab_5/RS#HG#MR2s5#R#praz#7520#49#L.TIF,104.0
0,/data1/users/tfunck/receptor/MR2/img_lin/R_slab_5/RS#HG#MR2s5#R#afdx#7610#22#L.TIF,105.0
0,/data1/users/tfunck/receptor/MR2/img_lin/R_slab_5/RS#HG#MR2s5#R#sr95#7625#14#L.TIF,106.0
0,/data1/users/tfunck/receptor/MR2/img_lin/R_slab_5/RS#HG#MR2s5#R#ampa#7451#29#L.TIF,107.0
0,/data1/users/tfunck/receptor/MR2/img_lin/R_slab_5/RS#HG#MR2s5#R#damp#7601#01#L.TIF,108.0
0,/data1/users/tfunck/receptor/MR2/img_lin/R_slab_5/RS#HG#MR2s5#R#pire#9589#40#L.TIF,109.0
0,/data1/users/tfunck/receptor/MR2/img_lin/R_slab_5/RS#HG#MR2s5#R#keta#7506#22#L.TIF,110.0
0,/data1/users/tfunck/receptor/MR2/img_lin/R_slab_5/RS#HG#MR2s5#R#dpmg#7581#37#L.TIF,111.0
0,/data1/users/tfunck/receptor/MR2/img_lin/R_slab_5/RS#HG#MR2s5#R#flum#7600#51#L.TIF,112.0
0,/data1/users/tfunck/receptor/MR2/img_lin/R_slab_5/RS#HG#MR2s5#R#pire#9589#42#L.TIF,113.0
0,/data1/users/tfunck/receptor/MR2/img_lin/R_slab_5/RS#HG#MR2s5#R#dpmg#7582#41#L.TIF,114.0
0,/data1/users/tfunck/receptor/MR2/img_lin/R_slab_5/RS#HG#MR2s5#R#epib#7546#24#L.TIF,115.0
0,/data1/users/tfunck/receptor/MR2/img_lin/R_slab_5/RS#HG#MR2s5#R#dpat#7502#45#L.TIF,116.0
0,/data1/users/tfunck/receptor/MR2/img_lin/R_slab_5/RS#HG#MR2s5#R#oxot#7489#01#L.TIF,117.0
0,/data1/users/tfunck/receptor/MR2/img_lin/R_slab_5/RS#HG#MR2s5#R#oxot#7489#15#L.TIF,118.0
0,/data1/users/tfunck/receptor/MR2/img_lin/R_slab_5/RS#HG#MR2s5#R#damp#7601#15#L.TIF,119.0
0,/data1/users/tfunck/receptor/MR2/img_lin/R_slab_5/RS#HG#MR2s5#R#uk14#7523#24#L.TIF,120.0
0,/data1/users/tfunck/receptor/MR2/img_lin/R_slab_5/RS#HG#MR2s5#R#damp#7607#46#L.TIF,121.0
0,/data1/users/tfunck/receptor/MR2/img_lin/R_slab_5/RS#HG#MR2s5#R#ly34#7617#04#L.TIF,122.0
0,/data1/users/tfunck/receptor/MR2/img_lin/R_slab_5/RS#HG#MR2S5#R#cgp5#7587#28#L.TIF,123.0
0,/data1/users/tfunck/receptor/MR2/img_lin/R_slab_5/RS#HG#MR2s5#R#praz#7519#47#L.TIF,124.0
0,/data1/users/tfunck/receptor/MR2/img_lin/R_slab_5/RS#HG#MR2s5#R#ampa#7453#41#L.TIF,125.0
0,/data1/users/tfunck/receptor/MR2/img_lin/R_slab_5/RS#HG#MR2s5#R#pire#9585#06#L.TIF,126.0
0,/data1/users/tfunck/receptor/MR2/img_lin/R_slab_5/RS#HG#MR2s5#R#flum#7594#19#L.TIF,127.0
0,/data1/users/tfunck/receptor/MR2/img_lin/R_slab_5/RS#HG#MR2s5#R#uk14#7523#26#L.TIF,128.0
0,/data1/users/tfunck/receptor/MR2/img_lin/R_slab_5/RS#HG#MR2s5#R#mk80#7466#21#L.TIF,129.0
0,/data1/users/tfunck/receptor/MR2/img_lin/R_slab_5/RS#HG#MR2s5#R#keta#7511#47#L.TIF,130.0
0,/data1/users/tfunck/receptor/MR2/img_lin/R_slab_5/RS#HG#MR2s5#R#kain#7457#08#L.TIF,131.0
0,/data1/users/tfunck/receptor/MR2/img_lin/R_slab_5/RS#HG#MR2s5#R#sr95#7628#43#L.TIF,132.0
0,/data1/users/tfunck/receptor/MR2/img_lin/R_slab_5/RS#HG#MR2s5#R#epib#7550#43#L.TIF,133.0
0,/data1/users/tfunck/receptor/MR2/img_lin/R_slab_5/RS#HG#MR2s5#R#dpmg#7579#27#L.TIF,134.0
0,/data1/users/tfunck/receptor/MR2/img_lin/R_slab_5/RS#HG#MR2s5#R#ampa#7455#48#L.TIF,135.0
0,/data1/users/tfunck/receptor/MR2/img_lin/R_slab_5/RS#HG#MR2s5#R#rx82#7531#25#L.TIF,136.0
0,/data1/users/tfunck/receptor/MR2/img_lin/R_slab_5/RS#HG#MR2s5#R#sr95#7625#07#L.TIF,137.0
0,/data1/users/tfunck/receptor/MR2/img_lin/R_slab_5/RS#HG#MR2s5#R#mk80#7470#45#L.TIF,138.0
0,/data1/users/tfunck/receptor/MR2/img_lin/R_slab_5/RS#HG#MR2s5#R#oxot#7490#24#L.TIF,139.0
0,/data1/users/tfunck/receptor/MR2/img_lin/R_slab_5/RS#HG#MR2s5#R#sch2#7537#07#L.TIF,140.0
0,/data1/users/tfunck/receptor/MR2/img_lin/R_slab_5/RS#HG#MR2S5#R#flum#8674#40#L.TIF,141.0
0,/data1/users/tfunck/receptor/MR2/img_lin/R_slab_5/RS#HG#MR2s5#R#keta#7508#32#L.TIF,142.0
0,/data1/users/tfunck/receptor/MR2/img_lin/R_slab_5/RS#HG#MR2s5#R#sch2#7540#32#L.TIF,143.0
0,/data1/users/tfunck/receptor/MR2/img_lin/R_slab_5/RS#HG#MR2s5#R#kain#7457#06#L.TIF,144.0
0,/data1/users/tfunck/receptor/MR2/img_lin/R_slab_5/RS#HG#MR2s5#R#mk80#7466#17#L.TIF,145.0
0,/data1/users/tfunck/receptor/MR2/img_lin/R_slab_5/RS#HG#MR2s5#R#epib#7546#18#L.TIF,146.0
0,/data1/users/tfunck/receptor/MR2/img_lin/R_slab_5/RS#HG#MR2s5#R#praz#7513#04#L.TIF,147.0
0,/data1/users/tfunck/receptor/MR2/img_lin/R_slab_5/RS#HG#MR2s5#R#uk14#7521#07#L.TIF,148.0
0,/data1/users/tfunck/receptor/MR2/img_lin/R_slab_5/RS#HG#MR2s5#R#ly34#7623#50#L.TIF,149.0
0,/data1/users/tfunck/receptor/MR2/img_lin/R_slab_5/RS#HG#MR2s5#R#damp#7601#11#L.TIF,150.0
0,/data1/users/tfunck/receptor/MR2/img_lin/R_slab_5/RS#HG#MR2s5#R#epib#7549#37#L.TIF,151.0
0,/data1/users/tfunck/receptor/MR2/img_lin/R_slab_5/RS#HG#MR2s5#R#dpat#7497#11#L.TIF,152.0
0,/data1/users/tfunck/receptor/MR2/img_lin/R_slab_5/RS#HG#MR2s5#R#ampa#7453#40#L.TIF,153.0
0,/data1/users/tfunck/receptor/MR2/img_lin/R_slab_5/RS#HG#MR2S5#R#cgp5#7589#44#L.TIF,154.0
0,/data1/users/tfunck/receptor/MR2/img_lin/R_slab_5/RS#HG#MR2s5#R#oxot#7490#21#L.TIF,155.0
0,/data1/users/tfunck/receptor/MR2/img_lin/R_slab_5/RS#HG#MR2s5#R#kain#7457#16#L.TIF,156.0
0,/data1/users/tfunck/receptor/MR2/img_lin/R_slab_5/RS#HG#MR2s5#R#ampa#7450#20#L.TIF,157.0
0,/data1/users/tfunck/receptor/MR2/img_lin/R_slab_5/RS#HG#MR2s5#R#flum#7596#34#L.TIF,158.0
0,/data1/users/tfunck/receptor/MR2/img_lin/R_slab_5/RS#HG#MR2s5#R#kain#7459#30#L.TIF,159.0
0,/data1/users/tfunck/receptor/MR2/img_lin/R_slab_5/RS#HG#MR2s5#R#dpmg#7577#08#L.TIF,160.0
0,/data1/users/tfunck/receptor/MR2/img_lin/R_slab_5/RS#HG#MR2s5#R#kain#7457#05#L.TIF,161.0
0,/data1/users/tfunck/receptor/MR2/img_lin/R_slab_5/RS#HG#MR2s5#R#keta#7506#21#L.TIF,162.0
0,/data1/users/tfunck/receptor/MR2/img_lin/R_slab_5/RS#HG#MR2s5#R#pire#9588#35#L.TIF,163.0
0,/data1/users/tfunck/receptor/MR2/img_lin/R_slab_5/RS#HG#MR2s5#R#dpat#7501#38#L.TIF,164.0
0,/data1/users/tfunck/receptor/MR2/img_lin/R_slab_5/RS#HG#MR2s5#R#damp#7606#42#L.TIF,165.0
0,/data1/users/tfunck/receptor/MR2/img_lin/R_slab_5/RS#HG#MR2s5#R#dpmg#7582#42#L.TIF,166.0
0,/data1/users/tfunck/receptor/MR2/img_lin/R_slab_5/RS#HG#MR2s5#R#musc#7474#22#L.TIF,167.0
0,/data1/users/tfunck/receptor/MR2/img_lin/R_slab_5/RS#HG#MR2s5#R#sr95#7625#11#L.TIF,168.0
0,/data1/users/tfunck/receptor/MR2/img_lin/R_slab_5/RS#HG#MR2s5#R#epib#7545#09#L.TIF,169.0
0,/data1/users/tfunck/receptor/MR2/img_lin/R_slab_5/RS#HG#MR2s5#R#ly34#7618#19#L.TIF,170.0
0,/data1/users/tfunck/receptor/MR2/img_lin/R_slab_5/RS#HG#MR2s5#R#sch2#7537#02#L.TIF,171.0
0,/data1/users/tfunck/receptor/MR2/img_lin/R_slab_5/RS#HG#MR2s5#R#praz#7513#11#L.TIF,172.0
0,/data1/users/tfunck/receptor/MR2/img_lin/R_slab_5/RS#HG#MR2s5#R#ly34#7620#34#L.TIF,173.0
0,/data1/users/tfunck/receptor/MR2/img_lin/R_slab_5/RS#HG#MR2s5#R#oxot#7494#46#L.TIF,174.0
0,/data1/users/tfunck/receptor/MR2/img_lin/R_slab_5/RS#HG#MR2s5#R#praz#7517#40#L.TIF,175.0
0,/data1/users/tfunck/receptor/MR2/img_lin/R_slab_5/RS#HG#MR2s5#R#uk14#7521#08#L.TIF,176.0
0,/data1/users/tfunck/receptor/MR2/img_lin/R_slab_5/RS#HG#MR2s5#R#sr95#7629#31#L.TIF,177.0
0,/data1/users/tfunck/receptor/MR2/img_lin/R_slab_5/RS#HG#MR2s5#R#rx82#7532#31#L.TIF,178.0
0,/data1/users/tfunck/receptor/MR2/img_lin/R_slab_5/RS#HG#MR2s5#R#keta#7505#03#L.TIF,179.0
0,/data1/users/tfunck/receptor/MR2/img_lin/R_slab_5/RS#HG#MR2s5#R#ly34#7620#36#L.TIF,180.0
0,/data1/users/tfunck/receptor/MR2/img_lin/R_slab_5/RS#HG#MR2s5#R#ampa#7453#42#L.TIF,181.0
0,/data1/users/tfunck/receptor/MR2/img_lin/R_slab_5/RS#HG#MR2s5#R#pire#9586#20#L.TIF,182.0
0,/data1/users/tfunck/receptor/MR2/img_lin/R_slab_5/RS#HG#MR2s5#R#ampa#7455#49#L.TIF,183.0
0,/data1/users/tfunck/receptor/MR2/img_lin/R_slab_5/RS#HG#MR2s5#R#praz#7515#30#L.TIF,184.0
0,/data1/users/tfunck/receptor/MR2/img_lin/R_slab_5/RS#HG#MR2s5#R#sch2#7537#12#L.TIF,185.0
0,/data1/users/tfunck/receptor/MR2/img_lin/R_slab_5/RS#HG#MR2s5#R#pire#9588#37#L.TIF,186.0
0,/data1/users/tfunck/receptor/MR2/img_lin/R_slab_5/RS#HG#MR2s5#R#flum#7595#26#L.TIF,187.0
0,/data1/users/tfunck/receptor/MR2/img_lin/R_slab_5/RS#HG#MR2s5#R#musc#7473#14#L.TIF,188.0
0,/data1/users/tfunck/receptor/MR2/img_lin/R_slab_5/RS#HG#MR2s5#R#dpmg#7577#12#L.TIF,189.0
0,/data1/users/tfunck/receptor/MR2/img_lin/R_slab_5/RS#HG#MR2s5#R#oxot#7490#19#L.TIF,190.0
0,/data1/users/tfunck/receptor/MR2/img_lin/R_slab_5/RS#HG#MR2s5#R#ampa#7450#18#L.TIF,191.0
0,/data1/users/tfunck/receptor/MR2/img_lin/R_slab_5/RS#HG#MR2S5#R#praz#8661#23#L.TIF,192.0
0,/data1/users/tfunck/receptor/MR2/img_lin/R_slab_5/RS#HG#MR2s5#R#pire#9585#08#L.TIF,193.0
0,/data1/users/tfunck/receptor/MR2/img_lin/R_slab_5/RS#HG#MR2s5#R#dpat#7502#44#L.TIF,194.0
0,/data1/users/tfunck/receptor/MR2/img_lin/R_slab_5/RS#HG#MR2s5#R#rx82#7529#04#L.TIF,195.0
0,/data1/users/tfunck/receptor/MR2/img_lin/R_slab_5/RS#HG#MR2s5#R#ly34#7617#13#L.TIF,196.0
0,/data1/users/tfunck/receptor/MR2/img_lin/R_slab_5/RS#HG#MR2s5#R#praz#7513#09#L.TIF,197.0
0,/data1/users/tfunck/receptor/MR2/img_lin/R_slab_5/RS#HG#MR2s5#R#dpmg#7581#36#L.TIF,198.0
0,/data1/users/tfunck/receptor/MR2/img_lin/R_slab_5/RS#HG#MR2S5#R#cgp5#7586#26#L.TIF,199.0
0,/data1/users/tfunck/receptor/MR2/img_lin/R_slab_5/RS#HG#MR2s5#R#dpat#7498#23#L.TIF,200.0
0,/data1/users/tfunck/receptor/MR2/img_lin/R_slab_5/RS#HG#MR2s5#R#pire#9585#14#L.TIF,201.0
0,/data1/users/tfunck/receptor/MR2/img_lin/R_slab_5/RS#HG#MR2s5#R#oxot#7493#39#L.TIF,202.0
0,/data1/users/tfunck/receptor/MR2/img_lin/R_slab_5/RS#HG#MR2s5#R#musc#7473#10#L.TIF,203.0
0,/data1/users/tfunck/receptor/MR2/img_lin/R_slab_5/RS#HG#MR2s5#R#sch2#7541#39#L.TIF,204.0
0,/data1/users/tfunck/receptor/MR2/img_lin/R_slab_5/RS#HG#MR2s5#R#flum#7595#30#L.TIF,205.0
0,/data1/users/tfunck/receptor/MR2/img_lin/R_slab_5/RS#HG#MR2s5#R#keta#7506#18#L.TIF,206.0
0,/data1/users/tfunck/receptor/MR2/img_lin/R_slab_5/RS#HG#MR2s5#R#epib#7546#21#L.TIF,207.0
0,/data1/users/tfunck/receptor/MR2/img_lin/R_slab_5/RS#HG#MR2S5#R#cgp5#7588#34#L.TIF,208.0
0,/data1/users/tfunck/receptor/MR2/img_lin/R_slab_5/RS#HG#MR2S5#R#cgp5#7587#32#L.TIF,209.0
0,/data1/users/tfunck/receptor/MR2/img_lin/R_slab_5/RS#HG#MR2s5#R#epib#7545#06#L.TIF,210.0
0,/data1/users/tfunck/receptor/MR2/img_lin/R_slab_5/RS#HG#MR2s5#R#dpmg#7579#29#L.TIF,211.0
0,/data1/users/tfunck/receptor/MR2/img_lin/R_slab_5/RS#HG#MR2s5#R#pire#9585#10#L.TIF,212.0
0,/data1/users/tfunck/receptor/MR2/img_lin/R_slab_5/RS#HG#MR2s5#R#dpmg#7577#09#L.TIF,213.0
0,/data1/users/tfunck/receptor/MR2/img_lin/R_slab_5/RS#HG#MR2S5#R#cgp5#7586#22#L.TIF,214.0
0,/data1/users/tfunck/receptor/MR2/img_lin/R_slab_5/RS#HG#MR2s5#R#mk80#7465#16#L.TIF,215.0
0,/data1/users/tfunck/receptor/MR2/img_lin/R_slab_5/RS#HG#MR2s5#R#keta#7507#26#L.TIF,216.0
0,/data1/users/tfunck/receptor/MR2/img_lin/R_slab_5/RS#HG#MR2s5#R#musc#7474#18#L.TIF,217.0
0,/data1/users/tfunck/receptor/MR2/img_lin/R_slab_5/RS#HG#MR2S5#R#cgp5#7589#42#L.TIF,218.0
0,/data1/users/tfunck/receptor/MR2/img_lin/R_slab_5/RS#HG#MR2s5#R#musc#7477#41#L.TIF,219.0
0,/data1/users/tfunck/receptor/MR2/img_lin/R_slab_5/RS#HG#MR2s5#R#praz#7514#24#L.TIF,220.0
0,/data1/users/tfunck/receptor/MR2/img_lin/R_slab_5/RS#HG#MR2S5#R#dpat#8659#34#L.TIF,221.0
0,/data1/users/tfunck/receptor/MR2/img_lin/R_slab_5/RS#HG#MR2s5#R#mk80#7472#52#L.TIF,222.0
0,/data1/users/tfunck/receptor/MR2/img_lin/R_slab_5/RS#HG#MR2s5#R#sch2#7538#16#L.TIF,223.0
0,/data1/users/tfunck/receptor/MR2/img_lin/R_slab_5/RS#HG#MR2s5#R#praz#7517#38#L.TIF,224.0
0,/data1/users/tfunck/receptor/MR2/img_lin/R_slab_5/RS#HG#MR2s5#R#ly34#7617#07#L.TIF,225.0
0,/data1/users/tfunck/receptor/MR2/img_lin/R_slab_5/RS#HG#MR2s5#R#musc#7474#21#L.TIF,226.0
0,/data1/users/tfunck/receptor/MR2/img_lin/R_slab_5/RS#HG#MR2s5#R#dpat#7499#29#L.TIF,227.0
0,/data1/users/tfunck/receptor/MR2/img_lin/R_slab_5/RS#HG#MR2s5#R#damp#7602#20#L.TIF,228.0
0,/data1/users/tfunck/receptor/MR2/img_lin/R_slab_5/RS#HG#MR2s5#R#damp#7603#26#L.TIF,229.0
0,/data1/users/tfunck/receptor/MR2/img_lin/R_slab_5/RS#HG#MR2s5#R#epib#7552#50#L.TIF,230.0
0,/data1/users/tfunck/receptor/MR2/img_lin/R_slab_5/RS#HG#MR2s5#R#mk80#7465#08#L.TIF,231.0
0,/data1/users/tfunck/receptor/MR2/img_lin/R_slab_5/RS#HG#MR2s5#R#dpat#7500#32#L.TIF,232.0
0,/data1/users/tfunck/receptor/MR2/img_lin/R_slab_5/RS#HG#MR2s5#R#afdx#7611#29#L.TIF,233.0
0,/data1/users/tfunck/receptor/MR2/img_lin/R_slab_5/RS#HG#MR2s5#R#keta#7510#45#L.TIF,234.0
0,/data1/users/tfunck/receptor/MR2/img_lin/R_slab_5/RS#HG#MR2s5#R#kain#7464#52#L.TIF,235.0
0,/data1/users/tfunck/receptor/MR2/img_lin/R_slab_5/RS#HG#MR2s5#R#ampa#7449#04#L.TIF,236.0
0,/data1/users/tfunck/receptor/MR2/img_lin/R_slab_5/RS#HG#MR2s5#R#keta#7508#34#L.TIF,237.0
0,/data1/users/tfunck/receptor/MR2/img_lin/R_slab_5/RS#HG#MR2s5#R#damp#7604#32#L.TIF,238.0
0,/data1/users/tfunck/receptor/MR2/img_lin/R_slab_5/RS#HG#MR2s5#R#afdx#7610#20#L.TIF,239.0
0,/data1/users/tfunck/receptor/MR2/img_lin/R_slab_5/RS#HG#MR2s5#R#uk14#7523#29#L.TIF,240.0
0,/data1/users/tfunck/receptor/MR2/img_lin/R_slab_5/RS#HG#MR2s5#R#damp#7606#44#L.TIF,241.0
0,/data1/users/tfunck/receptor/MR2/img_lin/R_slab_5/RS#HG#MR2s5#R#ampa#7451#27#L.TIF,242.0
0,/data1/users/tfunck/receptor/MR2/img_lin/R_slab_5/RS#HG#MR2s5#R#afdx#7609#13#L.TIF,243.0
0,/data1/users/tfunck/receptor/MR2/img_lin/R_slab_5/RS#HG#MR2s5#R#epib#7545#07#L.TIF,244.0
0,/data1/users/tfunck/receptor/MR2/img_lin/R_slab_5/RS#HG#MR2s5#R#flum#7593#13#L.TIF,245.0
0,/data1/users/tfunck/receptor/MR2/img_lin/R_slab_5/RS#HG#MR2s5#R#musc#7476#35#L.TIF,246.0
0,/data1/users/tfunck/receptor/MR2/img_lin/R_slab_5/RS#HG#MR2s5#R#ampa#7450#25#L.TIF,247.0
0,/data1/users/tfunck/receptor/MR2/img_lin/R_slab_5/RS#HG#MR2s5#R#uk14#7524#30#L.TIF,248.0
0,/data1/users/tfunck/receptor/MR2/img_lin/R_slab_5/RS#HG#MR2S5#R#cgp5#7590#45#L.TIF,249.0
0,/data1/users/tfunck/receptor/MR2/img_lin/R_slab_5/RS#HG#MR2s5#R#damp#7602#19#L.TIF,250.0
0,/data1/users/tfunck/receptor/MR2/img_lin/R_slab_5/RS#HG#MR2s5#R#pire#9585#04#L.TIF,251.0
0,/data1/users/tfunck/receptor/MR2/img_lin/R_slab_5/RS#HG#MR2s5#R#keta#7505#01#L.TIF,252.0
0,/data1/users/tfunck/receptor/MR2/img_lin/R_slab_5/RS#HG#MR2s5#R#kain#7460#34#L.TIF,253.0
0,/data1/users/tfunck/receptor/MR2/img_lin/R_slab_5/RS#HG#MR2s5#R#afdx#7612#34#L.TIF,254.0
0,/data1/users/tfunck/receptor/MR2/img_lin/R_slab_5/RS#HG#MR2s5#R#oxot#7493#41#L.TIF,255.0
0,/data1/users/tfunck/receptor/MR2/img_lin/R_slab_5/RS#HG#MR2s5#R#uk14#7521#02#L.TIF,256.0
0,/data1/users/tfunck/receptor/MR2/img_lin/R_slab_5/RS#HG#MR2s5#R#kain#7458#20#L.TIF,257.0
0,/data1/users/tfunck/receptor/MR2/img_lin/R_slab_5/RS#HG#MR2s5#R#dpat#7497#10#L.TIF,258.0
0,/data1/users/tfunck/receptor/MR2/img_lin/R_slab_5/RS#HG#MR2s5#R#musc#7473#09#L.TIF,259.0
0,/data1/users/tfunck/receptor/MR2/img_lin/R_slab_5/RS#HG#MR2s5#R#dpat#7499#28#L.TIF,260.0
0,/data1/users/tfunck/receptor/MR2/img_lin/R_slab_5/RS#HG#MR2s5#R#musc#7476#34#L.TIF,261.0
0,/data1/users/tfunck/receptor/MR2/img_lin/R_slab_5/RS#HG#MR2s5#R#sr95#7627#29#L.TIF,262.0
0,/data1/users/tfunck/receptor/MR2/img_lin/R_slab_5/RS#HG#MR2s5#R#epib#7552#52#L.TIF,263.0
0,/data1/users/tfunck/receptor/MR2/img_lin/R_slab_5/RS#HG#MR2s5#R#damp#7605#39#L.TIF,264.0
0,/data1/users/tfunck/receptor/MR2/img_lin/R_slab_5/RS#HG#MR2s5#R#musc#7473#15#L.TIF,265.0
0,/data1/users/tfunck/receptor/MR2/img_lin/R_slab_5/RS#HG#MR2s5#R#afdx#7610#24#L.TIF,266.0
0,/data1/users/tfunck/receptor/MR2/img_lin/R_slab_5/RS#HG#MR2s5#R#praz#7520#50#L.TIF,267.0
0,/data1/users/tfunck/receptor/MR2/img_lin/R_slab_5/RS#HG#MR2s5#R#rx82#7529#08#L.TIF,268.0
0,/data1/users/tfunck/receptor/MR2/img_lin/R_slab_5/RS#HG#MR2s5#R#kain#7458#25#L.TIF,269.0
0,/data1/users/tfunck/receptor/MR2/img_lin/R_slab_5/RS#HG#MR2s5#R#dpmg#7578#23#L.TIF,270.0
0,/data1/users/tfunck/receptor/MR2/img_lin/R_slab_5/RS#HG#MR2s5#R#afdx#7609#02#L.TIF,271.0
0,/data1/users/tfunck/receptor/MR2/img_lin/R_slab_5/RS#HG#MR2S5#R#cgp5#7588#36#L.TIF,272.0
0,/data1/users/tfunck/receptor/MR2/img_lin/R_slab_5/RS#HG#MR2s5#R#kain#7460#31#L.TIF,273.0
0,/data1/users/tfunck/receptor/MR2/img_lin/R_slab_5/RS#HG#MR2s5#R#ly34#7620#31#L.TIF,274.0
0,/data1/users/tfunck/receptor/MR2/img_lin/R_slab_5/RS#HG#MR2s5#R#kain#7458#23#L.TIF,275.0
0,/data1/users/tfunck/receptor/MR2/img_lin/R_slab_5/RS#HG#MR2s5#R#flum#7593#11#L.TIF,276.0
0,/data1/users/tfunck/receptor/MR2/img_lin/R_slab_5/RS#HG#MR2s5#R#kain#7457#09#L.TIF,277.0
0,/data1/users/tfunck/receptor/MR2/img_lin/R_slab_5/RS#HG#MR2s5#R#sch2#7537#04#L.TIF,278.0
0,/data1/users/tfunck/receptor/MR2/img_lin/R_slab_5/RS#HG#MR2s5#R#pire#9585#05#L.TIF,279.0
0,/data1/users/tfunck/receptor/MR2/img_lin/R_slab_5/RS#HG#MR2s5#R#praz#7516#35#L.TIF,280.0
0,/data1/users/tfunck/receptor/MR2/img_lin/R_slab_5/RS#HG#MR2s5#R#flum#7593#05#L.TIF,281.0
0,/data1/users/tfunck/receptor/MR2/img_lin/R_slab_5/RS#HG#MR2s5#R#flum#7593#10#L.TIF,282.0
0,/data1/users/tfunck/receptor/MR2/img_lin/R_slab_5/RS#HG#MR2s5#R#dpmg#7580#31#L.TIF,283.0
0,/data1/users/tfunck/receptor/MR2/img_lin/R_slab_5/RS#HG#MR2s5#R#mk80#7466#24#L.TIF,284.0
0,/data1/users/tfunck/receptor/MR2/img_lin/R_slab_5/RS#HG#MR2s5#R#oxot#7490#23#L.TIF,285.0
0,/data1/users/tfunck/receptor/MR2/img_lin/R_slab_5/RS#HG#MR2s5#R#afdx#7611#28#L.TIF,286.0
0,/data1/users/tfunck/receptor/MR2/img_lin/R_slab_5/RS#HG#MR2s5#R#dpat#7497#05#L.TIF,287.0
0,/data1/users/tfunck/receptor/MR2/img_lin/R_slab_5/RS#HG#MR2s5#R#rx82#7535#48#L.TIF,288.0
0,/data1/users/tfunck/receptor/MR2/img_lin/R_slab_5/RS#HG#MR2s5#R#sr95#7625#13#L.TIF,289.0
0,/data1/users/tfunck/receptor/MR2/img_lin/R_slab_5/RS#HG#MR2s5#R#flum#7597#42#L.TIF,290.0
0,/data1/users/tfunck/receptor/MR2/img_lin/R_slab_5/RS#HG#MR2s5#R#dpat#7502#41#L.TIF,291.0
0,/data1/users/tfunck/receptor/MR2/img_lin/R_slab_5/RS#HG#MR2s5#R#epib#7547#25#L.TIF,292.0
0,/data1/users/tfunck/receptor/MR2/img_lin/R_slab_5/RS#HG#MR2s5#R#sch2#7543#46#L.TIF,293.0
0,/data1/users/tfunck/receptor/MR2/img_lin/R_slab_5/RS#HG#MR2s5#R#dpat#7497#04#L.TIF,294.0
0,/data1/users/tfunck/receptor/MR2/img_lin/R_slab_5/RS#HG#MR2s5#R#ampa#7449#05#L.TIF,295.0
0,/data1/users/tfunck/receptor/MR2/img_lin/R_slab_5/RS#HG#MR2s5#R#sch2#7541#38#L.TIF,296.0
0,/data1/users/tfunck/receptor/MR2/img_lin/R_slab_5/RS#HG#MR2s5#R#dpat#7504#51#L.TIF,297.0
0,/data1/users/tfunck/receptor/MR2/img_lin/R_slab_5/RS#HG#MR2s5#R#sr95#7626#19#L.TIF,298.0
0,/data1/users/tfunck/receptor/MR2/img_lin/R_slab_5/RS#HG#MR2s5#R#ly34#7623#49#L.TIF,299.0
0,/data1/users/tfunck/receptor/MR2/img_lin/R_slab_5/RS#HG#MR2s5#R#uk14#7524#32#L.TIF,300.0
0,/data1/users/tfunck/receptor/MR2/img_lin/R_slab_5/RS#HG#MR2s5#R#mk80#7467#28#L.TIF,301.0
0,/data1/users/tfunck/receptor/MR2/img_lin/R_slab_5/RS#HG#MR2s5#R#dpat#7498#18#L.TIF,302.0
0,/data1/users/tfunck/receptor/MR2/img_lin/R_slab_5/RS#HG#MR2s5#R#musc#7476#33#L.TIF,303.0
0,/data1/users/tfunck/receptor/MR2/img_lin/R_slab_5/RS#HG#MR2s5#R#uk14#7525#35#L.TIF,304.0
0,/data1/users/tfunck/receptor/MR2/img_lin/R_slab_5/RS#HG#MR2s5#R#afdx#7611#25#L.TIF,305.0
0,/data1/users/tfunck/receptor/MR2/img_lin/R_slab_5/RS#HG#MR2s5#R#praz#7516#33#L.TIF,306.0
0,/data1/users/tfunck/receptor/MR2/img_lin/R_slab_5/RS#HG#MR2s5#R#sr95#7629#36#L.TIF,307.0
0,/data1/users/tfunck/receptor/MR2/img_lin/R_slab_5/RS#HG#MR2s5#R#uk14#7525#38#L.TIF,308.0
0,/data1/users/tfunck/receptor/MR2/img_lin/R_slab_5/RS#HG#MR2s5#R#damp#7605#38#L.TIF,309.0
0,/data1/users/tfunck/receptor/MR2/img_lin/R_slab_5/RS#HG#MR2s5#R#afdx#7610#17#L.TIF,310.0
0,/data1/users/tfunck/receptor/MR2/img_lin/R_slab_5/RS#HG#MR2s5#R#oxot#7490#17#L.TIF,311.0
0,/data1/users/tfunck/receptor/MR2/img_lin/R_slab_5/RS#HG#MR2s5#R#mk80#7466#18#L.TIF,312.0
0,/data1/users/tfunck/receptor/MR2/img_lin/R_slab_5/RS#HG#MR2s5#R#kain#7458#19#L.TIF,313.0
0,/data1/users/tfunck/receptor/MR2/img_lin/R_slab_5/RS#HG#MR2s5#R#ly34#7617#01#L.TIF,314.0
0,/data1/users/tfunck/receptor/MR2/img_lin/R_slab_5/RS#HG#MR2s5#R#sr95#7632#52#L.TIF,315.0
0,/data1/users/tfunck/receptor/MR2/img_lin/R_slab_5/RS#HG#MR2s5#R#flum#7599#46#L.TIF,316.0
0,/data1/users/tfunck/receptor/MR2/img_lin/R_slab_5/RS#HG#MR2s5#R#uk14#7521#01#L.TIF,317.0
0,/data1/users/tfunck/receptor/MR2/img_lin/R_slab_5/RS#HG#MR2s5#R#afdx#7609#04#L.TIF,318.0
0,/data1/users/tfunck/receptor/MR2/img_lin/R_slab_5/RS#HG#MR2s5#R#dpat#7503#48#L.TIF,319.0
0,/data1/users/tfunck/receptor/MR2/img_lin/R_slab_5/RS#HG#MR2s5#R#ly34#7619#28#L.TIF,320.0
0,/data1/users/tfunck/receptor/MR2/img_lin/R_slab_5/RS#HG#MR2s5#R#kain#7457#17#L.TIF,321.0
0,/data1/users/tfunck/receptor/MR2/img_lin/R_slab_5/RS#HG#MR2S5#R#cgp5#7589#41#L.TIF,322.0
0,/data1/users/tfunck/receptor/MR2/img_lin/R_slab_5/RS#HG#MR2s5#R#epib#7548#32#L.TIF,323.0
0,/data1/users/tfunck/receptor/MR2/img_lin/R_slab_5/RS#HG#MR2s5#R#rx82#7529#15#L.TIF,324.0
0,/data1/users/tfunck/receptor/MR2/img_lin/R_slab_5/RS#HG#MR2S5#R#cgp5#7585#11#L.TIF,325.0
0,/data1/users/tfunck/receptor/MR2/img_lin/R_slab_5/RS#HG#MR2s5#R#pire#9587#33#L.TIF,326.0
0,/data1/users/tfunck/receptor/MR2/img_lin/R_slab_5/RS#HG#MR2s5#R#dpmg#7583#49#L.TIF,327.0
0,/data1/users/tfunck/receptor/MR2/img_lin/R_slab_5/RS#HG#MR2s5#R#sch2#7538#17#L.TIF,328.0
0,/data1/users/tfunck/receptor/MR2/img_lin/R_slab_5/RS#HG#MR2s5#R#afdx#7609#16#L.TIF,329.0
0,/data1/users/tfunck/receptor/MR2/img_lin/R_slab_5/RS#HG#MR2s5#R#epib#7546#22#L.TIF,330.0
0,/data1/users/tfunck/receptor/MR2/img_lin/R_slab_5/RS#HG#MR2S5#R#flum#8674#25#L.TIF,331.0
0,/data1/users/tfunck/receptor/MR2/img_lin/R_slab_5/RS#HG#MR2s5#R#dpat#7503#49#L.TIF,332.0
0,/data1/users/tfunck/receptor/MR2/img_lin/R_slab_5/RS#HG#MR2s5#R#afdx#7615#47#L.TIF,333.0
0,/data1/users/tfunck/receptor/MR2/img_lin/R_slab_5/RS#HG#MR2s5#R#keta#7505#13#L.TIF,334.0
0,/data1/users/tfunck/receptor/MR2/img_lin/R_slab_5/RS#HG#MR2s5#R#sch2#7543#45#L.TIF,335.0
0,/data1/users/tfunck/receptor/MR2/img_lin/R_slab_5/RS#HG#MR2s5#R#keta#7506#17#L.TIF,336.0
0,/data1/users/tfunck/receptor/MR2/img_lin/R_slab_5/RS#HG#MR2s5#R#pire#9588#34#L.TIF,337.0
0,/data1/users/tfunck/receptor/MR2/img_lin/R_slab_5/RS#HG#MR2s5#R#afdx#7609#01#L.TIF,338.0
0,/data1/users/tfunck/receptor/MR2/img_lin/R_slab_5/RS#HG#MR2s5#R#praz#7516#32#L.TIF,339.0
0,/data1/users/tfunck/receptor/MR2/img_lin/R_slab_5/RS#HG#MR2s5#R#keta#7508#33#L.TIF,340.0
0,/data1/users/tfunck/receptor/MR2/img_lin/R_slab_5/RS#HG#MR2s5#R#kain#7463#48#L.TIF,341.0
0,/data1/users/tfunck/receptor/MR2/img_lin/R_slab_5/RS#HG#MR2s5#R#musc#7473#11#L.TIF,342.0
0,/data1/users/tfunck/receptor/MR2/img_lin/R_slab_5/RS#HG#MR2s5#R#epib#7545#05#L.TIF,343.0
0,/data1/users/tfunck/receptor/MR2/img_lin/R_slab_5/RS#HG#MR2s5#R#ly34#7621#38#L.TIF,344.0
0,/data1/users/tfunck/receptor/MR2/img_lin/R_slab_5/RS#HG#MR2s5#R#sr95#7629#33#L.TIF,345.0
0,/data1/users/tfunck/receptor/MR2/img_lin/R_slab_5/RS#HG#MR2s5#R#dpmg#7579#30#L.TIF,346.0
0,/data1/users/tfunck/receptor/MR2/img_lin/R_slab_5/RS#HG#MR2s5#R#kain#7457#13#L.TIF,347.0
0,/data1/users/tfunck/receptor/MR2/img_lin/R_slab_5/RS#HG#MR2s5#R#ampa#7453#38#L.TIF,348.0
0,/data1/users/tfunck/receptor/MR2/img_lin/R_slab_5/RS#HG#MR2s5#R#epib#7546#23#L.TIF,349.0
0,/data1/users/tfunck/receptor/MR2/img_lin/R_slab_5/RS#HG#MR2s5#R#musc#7478#42#L.TIF,350.0
0,/data1/users/tfunck/receptor/MR2/img_lin/R_slab_5/RS#HG#MR2s5#R#praz#7519#46#L.TIF,351.0
0,/data1/users/tfunck/receptor/MR2/img_lin/R_slab_5/RS#HG#MR2s5#R#ly34#7617#09#L.TIF,352.0
0,/data1/users/tfunck/receptor/MR2/img_lin/R_slab_5/RS#HG#MR2s5#R#dpat#7501#37#L.TIF,353.0
0,/data1/users/tfunck/receptor/MR2/img_lin/R_slab_5/RS#HG#MR2s5#R#uk14#7525#40#L.TIF,354.0
0,/data1/users/tfunck/receptor/MR2/img_lin/R_slab_5/RS#HG#MR2s5#R#kain#7457#03#L.TIF,355.0
0,/data1/users/tfunck/receptor/MR2/img_lin/R_slab_5/RS#HG#MR2s5#R#praz#7517#36#L.TIF,356.0
0,/data1/users/tfunck/receptor/MR2/img_lin/R_slab_5/RS#HG#MR2s5#R#rx82#7531#23#L.TIF,357.0
0,/data1/users/tfunck/receptor/MR2/img_lin/R_slab_5/RS#HG#MR2s5#R#musc#7478#43#L.TIF,358.0
0,/data1/users/tfunck/receptor/MR2/img_lin/R_slab_5/RS#HG#MR2s5#R#ampa#7450#22#L.TIF,359.0
0,/data1/users/tfunck/receptor/MR2/img_lin/R_slab_5/RS#HG#MR2S5#R#sr95#8665#41#L.TIF,360.0
0,/data1/users/tfunck/receptor/MR2/img_lin/R_slab_5/RS#HG#MR2s5#R#mk80#7465#02#L.TIF,361.0
0,/data1/users/tfunck/receptor/MR2/img_lin/R_slab_5/RS#HG#MR2s5#R#sch2#7537#10#L.TIF,362.0
0,/data1/users/tfunck/receptor/MR2/img_lin/R_slab_5/RS#HG#MR2s5#R#praz#7514#18#L.TIF,363.0
0,/data1/users/tfunck/receptor/MR2/img_lin/R_slab_5/RS#HG#MR2s5#R#dpmg#7577#15#L.TIF,364.0
0,/data1/users/tfunck/receptor/MR2/img_lin/R_slab_5/RS#HG#MR2s5#R#musc#7477#39#L.TIF,365.0
0,/data1/users/tfunck/receptor/MR2/img_lin/R_slab_5/RS#HG#MR2s5#R#pire#9585#11#L.TIF,366.0
0,/data1/users/tfunck/receptor/MR2/img_lin/R_slab_5/RS#HG#MR2s5#R#flum#7596#31#L.TIF,367.0
0,/data1/users/tfunck/receptor/MR2/img_lin/R_slab_5/RS#HG#MR2S5#R#cgp5#7585#09#L.TIF,368.0
0,/data1/users/tfunck/receptor/MR2/img_lin/R_slab_5/RS#HG#MR2s5#R#mk80#7465#04#L.TIF,369.0
0,/data1/users/tfunck/receptor/MR2/img_lin/R_slab_5/RS#HG#MR2s5#R#mk80#7467#30#L.TIF,370.0
0,/data1/users/tfunck/receptor/MR2/img_lin/R_slab_5/RS#HG#MR2s5#R#rx82#7530#17#L.TIF,371.0
0,/data1/users/tfunck/receptor/MR2/img_lin/R_slab_5/RS#HG#MR2s5#R#oxot#7496#51#L.TIF,372.0
0,/data1/users/tfunck/receptor/MR2/img_lin/R_slab_5/RS#HG#MR2s5#R#musc#7474#17#L.TIF,373.0
0,/data1/users/tfunck/receptor/MR2/img_lin/R_slab_5/RS#HG#MR2s5#R#damp#7601#12#L.TIF,374.0
0,/data1/users/tfunck/receptor/MR2/img_lin/R_slab_5/RS#HG#MR2s5#R#afdx#7614#42#L.TIF,375.0
0,/data1/users/tfunck/receptor/MR2/img_lin/R_slab_5/RS#HG#MR2s5#R#sch2#7544#49#L.TIF,376.0
0,/data1/users/tfunck/receptor/MR2/img_lin/R_slab_5/RS#HG#MR2s5#R#kain#7461#41#L.TIF,377.0
0,/data1/users/tfunck/receptor/MR2/img_lin/R_slab_5/RS#HG#MR2s5#R#keta#7510#44#L.TIF,378.0
0,/data1/users/tfunck/receptor/MR2/img_lin/R_slab_5/RS#HG#MR2s5#R#ly34#7619#29#L.TIF,379.0
0,/data1/users/tfunck/receptor/MR2/img_lin/R_slab_5/RS#HG#MR2s5#R#damp#7606#41#L.TIF,380.0
0,/data1/users/tfunck/receptor/MR2/img_lin/R_slab_5/RS#HG#MR2s5#R#pire#9588#39#L.TIF,381.0
0,/data1/users/tfunck/receptor/MR2/img_lin/R_slab_5/RS#HG#MR2s5#R#sr95#7627#30#L.TIF,382.0
0,/data1/users/tfunck/receptor/MR2/img_lin/R_slab_5/RS#HG#MR2s5#R#damp#7603#25#L.TIF,383.0
0,/data1/users/tfunck/receptor/MR2/img_lin/R_slab_5/RS#HG#MR2s5#R#flum#7594#24#L.TIF,384.0
0,/data1/users/tfunck/receptor/MR2/img_lin/R_slab_5/RS#HG#MR2s5#R#flum#7593#16#L.TIF,385.0
0,/data1/users/tfunck/receptor/MR2/img_lin/R_slab_5/RS#HG#MR2S5#R#cgp5#7587#30#L.TIF,386.0
0,/data1/users/tfunck/receptor/MR2/img_lin/R_slab_5/RS#HG#MR2s5#R#musc#7473#03#L.TIF,387.0
0,/data1/users/tfunck/receptor/MR2/img_lin/R_slab_5/RS#HG#MR2s5#R#sr95#7632#51#L.TIF,388.0
0,/data1/users/tfunck/receptor/MR2/img_lin/R_slab_5/RS#HG#MR2s5#R#sch2#7538#18#L.TIF,389.0
0,/data1/users/tfunck/receptor/MR2/img_lin/R_slab_5/RS#HG#MR2s5#R#oxot#7489#14#L.TIF,390.0
0,/data1/users/tfunck/receptor/MR2/img_lin/R_slab_5/RS#HG#MR2s5#R#praz#7515#26#L.TIF,391.0
0,/data1/users/tfunck/receptor/MR2/img_lin/R_slab_5/RS#HG#MR2s5#R#praz#7514#21#L.TIF,392.0
0,/data1/users/tfunck/receptor/MR2/img_lin/R_slab_5/RS#HG#MR2s5#R#damp#7601#03#L.TIF,393.0
0,/data1/users/tfunck/receptor/MR2/img_lin/R_slab_5/RS#HG#MR2s5#R#keta#7510#43#L.TIF,394.0
0,/data1/users/tfunck/receptor/MR2/img_lin/R_slab_5/RS#HG#MR2s5#R#keta#7505#09#L.TIF,395.0
0,/data1/users/tfunck/receptor/MR2/img_lin/R_slab_5/RS#HG#MR2s5#R#oxot#7491#27#L.TIF,396.0
0,/data1/users/tfunck/receptor/MR2/img_lin/R_slab_5/RS#HG#MR2s5#R#praz#7514#16#L.TIF,397.0
0,/data1/users/tfunck/receptor/MR2/img_lin/R_slab_5/RS#HG#MR2s5#R#uk14#7522#21#L.TIF,398.0
0,/data1/users/tfunck/receptor/MR2/img_lin/R_slab_5/RS#HG#MR2s5#R#keta#7506#23#L.TIF,399.0
0,/data1/users/tfunck/receptor/MR2/img_lin/R_slab_5/RS#HG#MR2s5#R#dpmg#7578#21#L.TIF,400.0
0,/data1/users/tfunck/receptor/MR2/img_lin/R_slab_5/RS#HG#MR2S5#R#cgp5#7585#06#L.TIF,401.0
0,/data1/users/tfunck/receptor/MR2/img_lin/R_slab_5/RS#HG#MR2s5#R#dpat#7499#27#L.TIF,402.0
0,/data1/users/tfunck/receptor/MR2/img_lin/R_slab_5/RS#HG#MR2s5#R#rx82#7530#20#L.TIF,403.0
0,/data1/users/tfunck/receptor/MR2/img_lin/R_slab_5/RS#HG#MR2s5#R#mk80#7465#06#L.TIF,404.0
0,/data1/users/tfunck/receptor/MR2/img_lin/R_slab_5/RS#HG#MR2s5#R#epib#7549#41#L.TIF,405.0
0,/data1/users/tfunck/receptor/MR2/img_lin/R_slab_5/RS#HG#MR2s5#R#keta#7505#14#L.TIF,406.0
0,/data1/users/tfunck/receptor/MR2/img_lin/R_slab_5/RS#HG#MR2s5#R#ly34#7617#06#L.TIF,407.0
0,/data1/users/tfunck/receptor/MR2/img_lin/R_slab_5/RS#HG#MR2s5#R#rx82#7534#43#L.TIF,408.0
0,/data1/users/tfunck/receptor/MR2/img_lin/R_slab_5/RS#HG#MR2s5#R#ampa#7451#30#L.TIF,409.0
0,/data1/users/tfunck/receptor/MR2/img_lin/R_slab_5/RS#HG#MR2s5#R#rx82#7529#07#L.TIF,410.0
0,/data1/users/tfunck/receptor/MR2/img_lin/R_slab_5/RS#HG#MR2s5#R#kain#7460#32#L.TIF,411.0
0,/data1/users/tfunck/receptor/MR2/img_lin/R_slab_5/RS#HG#MR2s5#R#oxot#7491#25#L.TIF,412.0
0,/data1/users/tfunck/receptor/MR2/img_lin/R_slab_5/RS#HG#MR2s5#R#dpat#7498#20#L.TIF,413.0
0,/data1/users/tfunck/receptor/MR2/img_lin/R_slab_5/RS#HG#MR2s5#R#oxot#7492#36#L.TIF,414.0
0,/data1/users/tfunck/receptor/MR2/img_lin/R_slab_5/RS#HG#MR2s5#R#ampa#7450#17#L.TIF,415.0
0,/data1/users/tfunck/receptor/MR2/img_lin/R_slab_5/RS#HG#MR2s5#R#mk80#7472#51#L.TIF,416.0
0,/data1/users/tfunck/receptor/MR2/img_lin/R_slab_5/RS#HG#MR2s5#R#kain#7457#01#L.TIF,417.0
0,/data1/users/tfunck/receptor/MR2/img_lin/R_slab_5/RS#HG#MR2s5#R#sch2#7540#33#L.TIF,418.0
0,/data1/users/tfunck/receptor/MR2/img_lin/R_slab_5/RS#HG#MR2s5#R#dpmg#7581#39#L.TIF,419.0
0,/data1/users/tfunck/receptor/MR2/img_lin/R_slab_5/RS#HG#MR2s5#R#pire#9586#19#L.TIF,420.0
0,/data1/users/tfunck/receptor/MR2/img_lin/R_slab_5/RS#HG#MR2s5#R#afdx#7614#44#L.TIF,421.0
0,/data1/users/tfunck/receptor/MR2/img_lin/R_slab_5/RS#HG#MR2s5#R#rx82#7534#40#L.TIF,422.0
0,/data1/users/tfunck/receptor/MR2/img_lin/R_slab_5/RS#HG#MR2s5#R#ampa#7449#14#L.TIF,423.0
0,/data1/users/tfunck/receptor/MR2/img_lin/R_slab_5/RS#HG#MR2s5#R#pire#9585#07#L.TIF,424.0
0,/data1/users/tfunck/receptor/MR2/img_lin/R_slab_5/RS#HG#MR2s5#R#mk80#7470#46#L.TIF,425.0
0,/data1/users/tfunck/receptor/MR2/img_lin/R_slab_5/RS#HG#MR2s5#R#oxot#7490#18#L.TIF,426.0
0,/data1/users/tfunck/receptor/MR2/img_lin/R_slab_5/RS#HG#MR2s5#R#flum#7593#09#L.TIF,427.0
0,/data1/users/tfunck/receptor/MR2/img_lin/R_slab_5/RS#HG#MR2s5#R#flum#7594#18#L.TIF,428.0
0,/data1/users/tfunck/receptor/MR2/img_lin/R_slab_5/RS#HG#MR2s5#R#epib#7550#45#L.TIF,429.0
0,/data1/users/tfunck/receptor/MR2/img_lin/R_slab_5/RS#HG#MR2s5#R#kain#7457#12#L.TIF,430.0
0,/data1/users/tfunck/receptor/MR2/img_lin/R_slab_5/RS#HG#MR2s5#R#pire#9585#16#L.TIF,431.0
0,/data1/users/tfunck/receptor/MR2/img_lin/R_slab_5/RS#HG#MR2s5#R#kain#7463#50#L.TIF,432.0
0,/data1/users/tfunck/receptor/MR2/img_lin/R_slab_5/RS#HG#MR2s5#R#dpmg#7577#13#L.TIF,433.0
0,/data1/users/tfunck/receptor/MR2/img_lin/R_slab_5/RS#HG#MR2S5#R#cgp5#7585#18#L.TIF,434.0
0,/data1/users/tfunck/receptor/MR2/img_lin/R_slab_5/RS#HG#MR2s5#R#damp#7608#50#L.TIF,435.0
0,/data1/users/tfunck/receptor/MR2/img_lin/R_slab_5/RS#HG#MR2s5#R#damp#7603#27#L.TIF,436.0
0,/data1/users/tfunck/receptor/MR2/img_lin/R_slab_5/RS#HG#MR2s5#R#flum#7595#29#L.TIF,437.0
0,/data1/users/tfunck/receptor/MR2/img_lin/R_slab_5/RS#HG#MR2s5#R#pire#9588#38#L.TIF,438.0
0,/data1/users/tfunck/receptor/MR2/img_lin/R_slab_5/RS#HG#MR2s5#R#oxot#7490#20#L.TIF,439.0
0,/data1/users/tfunck/receptor/MR2/img_lin/R_slab_5/RS#HG#MR2s5#R#mk80#7468#34#L.TIF,440.0
0,/data1/users/tfunck/receptor/MR2/img_lin/R_slab_5/RS#HG#MR2s5#R#sr95#7625#03#L.TIF,441.0
0,/data1/users/tfunck/receptor/MR2/img_lin/R_slab_5/RS#HG#MR2s5#R#oxot#7491#29#L.TIF,442.0
0,/data1/users/tfunck/receptor/MR2/img_lin/R_slab_5/RS#HG#MR2s5#R#flum#7599#49#L.TIF,443.0
0,/data1/users/tfunck/receptor/MR2/img_lin/R_slab_5/RS#HG#MR2s5#R#oxot#7495#49#L.TIF,444.0
0,/data1/users/tfunck/receptor/MR2/img_lin/R_slab_5/RS#HG#MR2s5#R#uk14#7522#17#L.TIF,445.0
0,/data1/users/tfunck/receptor/MR2/img_lin/R_slab_5/RS#HG#MR2s5#R#epib#7550#42#L.TIF,446.0
0,/data1/users/tfunck/receptor/MR2/img_lin/R_slab_5/RS#HG#MR2s5#R#oxot#7489#05#L.TIF,447.0
0,/data1/users/tfunck/receptor/MR2/img_lin/R_slab_5/RS#HG#MR2s5#R#sr95#7625#09#L.TIF,448.0
0,/data1/users/tfunck/receptor/MR2/img_lin/R_slab_5/RS#HG#MR2s5#R#mk80#7468#35#L.TIF,449.0
0,/data1/users/tfunck/receptor/MR2/img_lin/R_slab_5/RS#HG#MR2s5#R#mk80#7467#27#L.TIF,450.0
0,/data1/users/tfunck/receptor/MR2/img_lin/R_slab_5/RS#HG#MR2s5#R#kain#7457#02#L.TIF,451.0
0,/data1/users/tfunck/receptor/MR2/img_lin/R_slab_5/RS#HG#MR2s5#R#ly34#7617#15#L.TIF,452.0
0,/data1/users/tfunck/receptor/MR2/img_lin/R_slab_5/RS#HG#MR2s5#R#sr95#7627#26#L.TIF,453.0
0,/data1/users/tfunck/receptor/MR2/img_lin/R_slab_5/RS#HG#MR2s5#R#damp#7608#51#L.TIF,454.0
0,/data1/users/tfunck/receptor/MR2/img_lin/R_slab_5/RS#HG#MR2s5#R#kain#7459#26#L.TIF,455.0
0,/data1/users/tfunck/receptor/MR2/img_lin/R_slab_5/RS#HG#MR2s5#R#keta#7506#19#L.TIF,456.0
0,/data1/users/tfunck/receptor/MR2/img_lin/R_slab_5/RS#HG#MR2s5#R#oxot#7492#33#L.TIF,457.0
0,/data1/users/tfunck/receptor/MR2/img_lin/R_slab_5/RS#HG#MR2s5#R#kain#7457#11#L.TIF,458.0
0,/data1/users/tfunck/receptor/MR2/img_lin/R_slab_5/RS#HG#MR2s5#R#afdx#7616#52#L.TIF,459.0
0,/data1/users/tfunck/receptor/MR2/img_lin/R_slab_5/RS#HG#MR2s5#R#rx82#7530#22#L.TIF,460.0
0,/data1/users/tfunck/receptor/MR2/img_lin/R_slab_5/RS#HG#MR2s5#R#keta#7505#10#L.TIF,461.0
0,/data1/users/tfunck/receptor/MR2/img_lin/R_slab_5/RS#HG#MR2s5#R#epib#7545#13#L.TIF,462.0
0,/data1/users/tfunck/receptor/MR2/img_lin/R_slab_5/RS#HG#MR2s5#R#musc#7480#51#L.TIF,463.0
0,/data1/users/tfunck/receptor/MR2/img_lin/R_slab_5/RS#HG#MR2s5#R#ly34#7622#45#L.TIF,464.0
0,/data1/users/tfunck/receptor/MR2/img_lin/R_slab_5/RS#HG#MR2s5#R#pire#9588#36#L.TIF,465.0
0,/data1/users/tfunck/receptor/MR2/img_lin/R_slab_5/RS#HG#MR2s5#R#rx82#7535#46#L.TIF,466.0
0,/data1/users/tfunck/receptor/MR2/img_lin/R_slab_5/RS#HG#MR2s5#R#dpat#7498#19#L.TIF,467.0
0,/data1/users/tfunck/receptor/MR2/img_lin/R_slab_5/RS#HG#MR2s5#R#sr95#7628#45#L.TIF,468.0
0,/data1/users/tfunck/receptor/MR2/img_lin/R_slab_5/RS#HG#MR2s5#R#oxot#7493#40#L.TIF,469.0
0,/data1/users/tfunck/receptor/MR2/img_lin/R_slab_5/RS#HG#MR2s5#R#dpmg#7584#50#L.TIF,470.0
0,/data1/users/tfunck/receptor/MR2/img_lin/R_slab_5/RS#HG#MR2s5#R#afdx#7614#43#L.TIF,471.0
0,/data1/users/tfunck/receptor/MR2/img_lin/R_slab_5/RS#HG#MR2s5#R#dpmg#7580#35#L.TIF,472.0
0,/data1/users/tfunck/receptor/MR2/img_lin/R_slab_5/RS#HG#MR2S5#R#cgp5#7586#20#L.TIF,473.0
0,/data1/users/tfunck/receptor/MR2/img_lin/R_slab_5/RS#HG#MR2s5#R#kain#7457#15#L.TIF,474.0
0,/data1/users/tfunck/receptor/MR2/img_lin/R_slab_5/RS#HG#MR2s5#R#ampa#7454#45#L.TIF,475.0
0,/data1/users/tfunck/receptor/MR2/img_lin/R_slab_5/RS#HG#MR2s5#R#flum#7596#32#L.TIF,476.0
0,/data1/users/tfunck/receptor/MR2/img_lin/R_slab_5/RS#HG#MR2s5#R#oxot#7494#42#L.TIF,477.0
0,/data1/users/tfunck/receptor/MR2/img_lin/R_slab_5/RS#HG#MR2s5#R#keta#7507#30#L.TIF,478.0
0,/data1/users/tfunck/receptor/MR2/img_lin/R_slab_5/RS#HG#MR2s5#R#sch2#7538#19#L.TIF,479.0
0,/data1/users/tfunck/receptor/MR2/img_lin/R_slab_5/RS#HG#MR2s5#R#sch2#7539#29#L.TIF,480.0
0,/data1/users/tfunck/receptor/MR2/img_lin/R_slab_5/RS#HG#MR2s5#R#keta#7505#15#L.TIF,481.0
0,/data1/users/tfunck/receptor/MR2/img_lin/R_slab_5/RS#HG#MR2s5#R#mk80#7471#49#L.TIF,482.0
0,/data1/users/tfunck/receptor/MR2/img_lin/R_slab_5/RS#HG#MR2s5#R#sr95#7625#10#L.TIF,483.0
0,/data1/users/tfunck/receptor/MR2/img_lin/R_slab_5/RS#HG#MR2s5#R#mk80#7465#11#L.TIF,484.0
0,/data1/users/tfunck/receptor/MR2/img_lin/R_slab_5/RS#HG#MR2s5#R#sch2#7540#34#L.TIF,485.0
0,/data1/users/tfunck/receptor/MR2/img_lin/R_slab_5/RS#HG#MR2s5#R#uk14#7523#23#L.TIF,486.0
0,/data1/users/tfunck/receptor/MR2/img_lin/R_slab_5/RS#HG#MR2s5#R#ly34#7620#33#L.TIF,487.0
0,/data1/users/tfunck/receptor/MR2/img_lin/R_slab_5/RS#HG#MR2s5#R#ampa#7449#11#L.TIF,488.0
0,/data1/users/tfunck/receptor/MR2/img_lin/R_slab_5/RS#HG#MR2s5#R#ampa#7451#26#L.TIF,489.0
0,/data1/users/tfunck/receptor/MR2/img_lin/R_slab_5/RS#HG#MR2s5#R#sr95#7628#46#L.TIF,490.0
0,/data1/users/tfunck/receptor/MR2/img_lin/R_slab_5/RS#HG#MR2s5#R#kain#7460#33#L.TIF,491.0
0,/data1/users/tfunck/receptor/MR2/img_lin/R_slab_5/RS#HG#MR2s5#R#sr95#7630#40#L.TIF,492.0
0,/data1/users/tfunck/receptor/MR2/img_lin/R_slab_5/RS#HG#MR2s5#R#rx82#7533#38#L.TIF,493.0
0,/data1/users/tfunck/receptor/MR2/img_lin/R_slab_5/RS#HG#MR2s5#R#ly34#7622#44#L.TIF,494.0
0,/data1/users/tfunck/receptor/MR2/img_lin/R_slab_5/RS#HG#MR2S5#R#cgp5#7590#46#L.TIF,495.0
0,/data1/users/tfunck/receptor/MR2/img_lin/R_slab_5/RS#HG#MR2s5#R#musc#7473#05#L.TIF,496.0
0,/data1/users/tfunck/receptor/MR2/img_lin/R_slab_5/RS#HG#MR2s5#R#mk80#7468#33#L.TIF,497.0
0,/data1/users/tfunck/receptor/MR2/img_lin/R_slab_5/RS#HG#MR2s5#R#uk14#7526#44#L.TIF,498.0
0,/data1/users/tfunck/receptor/MR2/img_lin/R_slab_5/RS#HG#MR2S5#R#cgp5#7591#49#L.TIF,499.0
0,/data1/users/tfunck/receptor/MR2/img_lin/R_slab_5/RS#HG#MR2s5#R#uk14#7525#36#L.TIF,500.0
0,/data1/users/tfunck/receptor/MR2/img_lin/R_slab_5/RS#HG#MR2s5#R#epib#7550#44#L.TIF,501.0
0,/data1/users/tfunck/receptor/MR2/img_lin/R_slab_5/RS#HG#MR2s5#R#epib#7545#16#L.TIF,502.0
0,/data1/users/tfunck/receptor/MR2/img_lin/R_slab_5/RS#HG#MR2s5#R#pire#9585#02#L.TIF,503.0
0,/data1/users/tfunck/receptor/MR2/img_lin/R_slab_5/RS#HG#MR2s5#R#dpmg#7577#01#L.TIF,504.0
0,/data1/users/tfunck/receptor/MR2/img_lin/R_slab_5/RS#HG#MR2s5#R#epib#7545#12#L.TIF,505.0
0,/data1/users/tfunck/receptor/MR2/img_lin/R_slab_5/RS#HG#MR2s5#R#ly34#7618#17#L.TIF,506.0
0,/data1/users/tfunck/receptor/MR2/img_lin/R_slab_5/RS#HG#MR2s5#R#oxot#7492#35#L.TIF,507.0
0,/data1/users/tfunck/receptor/MR2/img_lin/R_slab_5/RS#HG#MR2s5#R#keta#7511#46#L.TIF,508.0
0,/data1/users/tfunck/receptor/MR2/img_lin/R_slab_5/RS#HG#MR2s5#R#musc#7473#12#L.TIF,509.0
0,/data1/users/tfunck/receptor/MR2/img_lin/R_slab_5/RS#HG#MR2s5#R#pire#9587#31#L.TIF,510.0
0,/data1/users/tfunck/receptor/MR2/img_lin/R_slab_5/RS#HG#MR2s5#R#musc#7475#28#L.TIF,511.0
0,/data1/users/tfunck/receptor/MR2/img_lin/R_slab_5/RS#HG#MR2s5#R#uk14#7528#52#L.TIF,512.0
0,/data1/users/tfunck/receptor/MR2/img_lin/R_slab_5/RS#HG#MR2s5#R#dpmg#7582#43#L.TIF,513.0
0,/data1/users/tfunck/receptor/MR2/img_lin/R_slab_5/RS#HG#MR2s5#R#praz#7518#41#L.TIF,514.0
0,/data1/users/tfunck/receptor/MR2/img_lin/R_slab_5/RS#HG#MR2s5#R#flum#7597#45#L.TIF,515.0
0,/data1/users/tfunck/receptor/MR2/img_lin/R_slab_5/RS#HG#MR2s5#R#mk80#7465#07#L.TIF,516.0
0,/data1/users/tfunck/receptor/MR2/img_lin/R_slab_5/RS#HG#MR2s5#R#dpat#7503#47#L.TIF,517.0
0,/data1/users/tfunck/receptor/MR2/img_lin/R_slab_5/RS#HG#MR2s5#R#afdx#7613#37#L.TIF,518.0
0,/data1/users/tfunck/receptor/MR2/img_lin/R_slab_5/RS#HG#MR2s5#R#epib#7552#51#L.TIF,519.0
0,/data1/users/tfunck/receptor/MR2/img_lin/R_slab_5/RS#HG#MR2s5#R#mk80#7470#42#L.TIF,520.0
0,/data1/users/tfunck/receptor/MR2/img_lin/R_slab_5/RS#HG#MR2s5#R#keta#7512#51#L.TIF,521.0
0,/data1/users/tfunck/receptor/MR2/img_lin/R_slab_5/RS#HG#MR2s5#R#sr95#7628#42#L.TIF,522.0
0,/data1/users/tfunck/receptor/MR2/img_lin/R_slab_5/RS#HG#MR2s5#R#praz#7514#17#L.TIF,523.0
0,/data1/users/tfunck/receptor/MR2/img_lin/R_slab_5/RS#HG#MR2s5#R#praz#7520#51#L.TIF,524.0
0,/data1/users/tfunck/receptor/MR2/img_lin/R_slab_5/RS#HG#MR2s5#R#rx82#7535#47#L.TIF,525.0
0,/data1/users/tfunck/receptor/MR2/img_lin/R_slab_5/RS#HG#MR2s5#R#uk14#7523#27#L.TIF,526.0
0,/data1/users/tfunck/receptor/MR2/img_lin/R_slab_5/RS#HG#MR2s5#R#uk14#7526#43#L.TIF,527.0
0,/data1/users/tfunck/receptor/MR2/img_lin/R_slab_5/RS#HG#MR2s5#R#keta#7505#08#L.TIF,528.0
0,/data1/users/tfunck/receptor/MR2/img_lin/R_slab_5/RS#HG#MR2s5#R#afdx#7612#31#L.TIF,529.0
0,/data1/users/tfunck/receptor/MR2/img_lin/R_slab_5/RS#HG#MR2s5#R#dpat#7497#03#L.TIF,530.0
0,/data1/users/tfunck/receptor/MR2/img_lin/R_slab_5/RS#HG#MR2s5#R#epib#7547#28#L.TIF,531.0
0,/data1/users/tfunck/receptor/MR2/img_lin/R_slab_5/RS#HG#MR2s5#R#praz#7515#29#L.TIF,532.0
0,/data1/users/tfunck/receptor/MR2/img_lin/R_slab_5/RS#HG#MR2s5#R#keta#7509#37#L.TIF,533.0
0,/data1/users/tfunck/receptor/MR2/img_lin/R_slab_5/RS#HG#MR2s5#R#dpmg#7583#46#L.TIF,534.0
0,/data1/users/tfunck/receptor/MR2/img_lin/R_slab_5/RS#HG#MR2s5#R#mk80#7466#22#L.TIF,535.0
0,/data1/users/tfunck/receptor/MR2/img_lin/R_slab_5/RS#HG#MR2s5#R#epib#7545#02#L.TIF,536.0
0,/data1/users/tfunck/receptor/MR2/img_lin/R_slab_5/RS#HG#MR2s5#R#dpmg#7577#07#L.TIF,537.0
0,/data1/users/tfunck/receptor/MR2/img_lin/R_slab_5/RS#HG#MR2s5#R#praz#7513#13#L.TIF,538.0
0,/data1/users/tfunck/receptor/MR2/img_lin/R_slab_5/RS#HG#MR2S5#R#cgp5#7587#29#L.TIF,539.0
0,/data1/users/tfunck/receptor/MR2/img_lin/R_slab_5/RS#HG#MR2s5#R#dpat#7499#24#L.TIF,540.0
0,/data1/users/tfunck/receptor/MR2/img_lin/R_slab_5/RS#HG#MR2s5#R#epib#7545#14#L.TIF,541.0
0,/data1/users/tfunck/receptor/MR2/img_lin/R_slab_5/RS#HG#MR2s5#R#ly34#7618#22#L.TIF,542.0
0,/data1/users/tfunck/receptor/MR2/img_lin/R_slab_5/RS#HG#MR2s5#R#musc#7473#07#L.TIF,543.0
0,/data1/users/tfunck/receptor/MR2/img_lin/R_slab_5/RS#HG#MR2s5#R#keta#7509#39#L.TIF,544.0
0,/data1/users/tfunck/receptor/MR2/img_lin/R_slab_5/RS#HG#MR2s5#R#flum#7593#08#L.TIF,545.0
0,/data1/users/tfunck/receptor/MR2/img_lin/R_slab_5/RS#HG#MR2s5#R#damp#7605#36#L.TIF,546.0
0,/data1/users/tfunck/receptor/MR2/img_lin/R_slab_5/RS#HG#MR2s5#R#musc#7477#40#L.TIF,547.0
0,/data1/users/tfunck/receptor/MR2/img_lin/R_slab_5/RS#HG#MR2s5#R#ampa#7454#43#L.TIF,548.0
0,/data1/users/tfunck/receptor/MR2/img_lin/R_slab_5/RS#HG#MR2s5#R#ly34#7617#10#L.TIF,549.0
0,/data1/users/tfunck/receptor/MR2/img_lin/R_slab_5/RS#HG#MR2s5#R#uk14#7526#41#L.TIF,550.0
0,/data1/users/tfunck/receptor/MR2/img_lin/R_slab_5/RS#HG#MR2s5#R#dpat#7501#36#L.TIF,551.0
0,/data1/users/tfunck/receptor/MR2/img_lin/R_slab_5/RS#HG#MR2s5#R#flum#7593#02#L.TIF,552.0
0,/data1/users/tfunck/receptor/MR2/img_lin/R_slab_5/RS#HG#MR2s5#R#damp#7604#35#L.TIF,553.0
0,/data1/users/tfunck/receptor/MR2/img_lin/R_slab_5/RS#HG#MR2S5#R#cgp5#7585#01#L.TIF,554.0
0,/data1/users/tfunck/receptor/MR2/img_lin/R_slab_5/RS#HG#MR2s5#R#sch2#7543#47#L.TIF,555.0
0,/data1/users/tfunck/receptor/MR2/img_lin/R_slab_5/RS#HG#MR2s5#R#musc#7477#37#L.TIF,556.0
0,/data1/users/tfunck/receptor/MR2/img_lin/R_slab_5/RS#HG#MR2s5#R#epib#7548#33#L.TIF,557.0
0,/data1/users/tfunck/receptor/MR2/img_lin/R_slab_5/RS#HG#MR2s5#R#epib#7547#26#L.TIF,558.0
0,/data1/users/tfunck/receptor/MR2/img_lin/R_slab_5/RS#HG#MR2s5#R#sch2#7541#37#L.TIF,559.0
0,/data1/users/tfunck/receptor/MR2/img_lin/R_slab_5/RS#HG#MR2s5#R#flum#7593#15#L.TIF,560.0
0,/data1/users/tfunck/receptor/MR2/img_lin/R_slab_5/RS#HG#MR2s5#R#ly34#7624#51#L.TIF,561.0
0,/data1/users/tfunck/receptor/MR2/img_lin/R_slab_5/RS#HG#MR2s5#R#kain#7462#44#L.TIF,562.0
0,/data1/users/tfunck/receptor/MR2/img_lin/R_slab_5/RS#HG#MR2s5#R#uk14#7527#46#L.TIF,563.0
0,/data1/users/tfunck/receptor/MR2/img_lin/R_slab_5/RS#HG#MR2S5#R#cgp5#7585#03#L.TIF,564.0
0,/data1/users/tfunck/receptor/MR2/img_lin/R_slab_5/RS#HG#MR2s5#R#flum#7598#38#L.TIF,565.0
0,/data1/users/tfunck/receptor/MR2/img_lin/R_slab_5/RS#HG#MR2s5#R#dpat#7498#16#L.TIF,566.0
0,/data1/users/tfunck/receptor/MR2/img_lin/R_slab_5/RS#HG#MR2s5#R#dpmg#7577#03#L.TIF,567.0
0,/data1/users/tfunck/receptor/MR2/img_lin/R_slab_5/RS#HG#MR2s5#R#ampa#7449#01#L.TIF,568.0
0,/data1/users/tfunck/receptor/MR2/img_lin/R_slab_5/RS#HG#MR2s5#R#flum#7599#48#L.TIF,569.0
0,/data1/users/tfunck/receptor/MR2/img_lin/R_slab_5/RS#HG#MR2s5#R#flum#7593#06#L.TIF,570.0
0,/data1/users/tfunck/receptor/MR2/img_lin/R_slab_5/RS#HG#MR2s5#R#dpmg#7579#28#L.TIF,571.0
0,/data1/users/tfunck/receptor/MR2/img_lin/R_slab_5/RS#HG#MR2s5#R#epib#7549#39#L.TIF,572.0
0,/data1/users/tfunck/receptor/MR2/img_lin/R_slab_5/RS#HG#MR2s5#R#ly34#7624#52#L.TIF,573.0
0,/data1/users/tfunck/receptor/MR2/img_lin/R_slab_5/RS#HG#MR2s5#R#rx82#7529#13#L.TIF,574.0
0,/data1/users/tfunck/receptor/MR2/img_lin/R_slab_5/RS#HG#MR2s5#R#mk80#7465#09#L.TIF,575.0
0,/data1/users/tfunck/receptor/MR2/img_lin/R_slab_5/RS#HG#MR2s5#R#dpat#7497#12#L.TIF,576.0
0,/data1/users/tfunck/receptor/MR2/img_lin/R_slab_5/RS#HG#MR2s5#R#musc#7473#06#L.TIF,577.0
0,/data1/users/tfunck/receptor/MR2/img_lin/R_slab_5/RS#HG#MR2s5#R#flum#7593#04#L.TIF,578.0
0,/data1/users/tfunck/receptor/MR2/img_lin/R_slab_5/RS#HG#MR2S5#R#cgp5#7585#10#L.TIF,579.0
0,/data1/users/tfunck/receptor/MR2/img_lin/R_slab_5/RS#HG#MR2s5#R#ly34#7618#21#L.TIF,580.0
0,/data1/users/tfunck/receptor/MR2/img_lin/R_slab_5/RS#HG#MR2s5#R#mk80#7465#12#L.TIF,581.0
0,/data1/users/tfunck/receptor/MR2/img_lin/R_slab_5/RS#HG#MR2s5#R#kain#7461#38#L.TIF,582.0
0,/data1/users/tfunck/receptor/MR2/img_lin/R_slab_5/RS#HG#MR2s5#R#musc#7478#44#L.TIF,583.0
0,/data1/users/tfunck/receptor/MR2/img_lin/R_slab_5/RS#HG#MR2s5#R#uk14#7526#42#L.TIF,584.0
0,/data1/users/tfunck/receptor/MR2/img_lin/R_slab_5/RS#HG#MR2s5#R#dpat#7504#50#L.TIF,585.0
0,/data1/users/tfunck/receptor/MR2/img_lin/R_slab_5/RS#HG#MR2s5#R#sr95#7625#05#L.TIF,586.0
0,/data1/users/tfunck/receptor/MR2/img_lin/R_slab_5/RS#HG#MR2s5#R#dpat#7497#02#L.TIF,587.0
0,/data1/users/tfunck/receptor/MR2/img_lin/R_slab_5/RS#HG#MR2s5#R#uk14#7522#20#L.TIF,588.0
0,/data1/users/tfunck/receptor/MR2/img_lin/R_slab_5/RS#HG#MR2s5#R#praz#7518#43#L.TIF,589.0
0,/data1/users/tfunck/receptor/MR2/img_lin/R_slab_5/RS#HG#MR2s5#R#dpat#7501#35#L.TIF,590.0
0,/data1/users/tfunck/receptor/MR2/img_lin/R_slab_5/RS#HG#MR2s5#R#rx82#7531#28#L.TIF,591.0
0,/data1/users/tfunck/receptor/MR2/img_lin/R_slab_5/RS#HG#MR2s5#R#musc#7473#16#L.TIF,592.0
0,/data1/users/tfunck/receptor/MR2/img_lin/R_slab_5/RS#HG#MR2s5#R#dpmg#7577#10#L.TIF,593.0
0,/data1/users/tfunck/receptor/MR2/img_lin/R_slab_5/RS#HG#MR2s5#R#dpmg#7578#20#L.TIF,594.0
0,/data1/users/tfunck/receptor/MR2/img_lin/R_slab_5/RS#HG#MR2s5#R#mk80#7468#32#L.TIF,595.0
0,/data1/users/tfunck/receptor/MR2/img_lin/R_slab_5/RS#HG#MR2s5#R#ampa#7452#32#L.TIF,596.0
0,/data1/users/tfunck/receptor/MR2/img_lin/R_slab_5/RS#HG#MR2s5#R#afdx#7609#12#L.TIF,597.0
0,/data1/users/tfunck/receptor/MR2/img_lin/R_slab_5/RS#HG#MR2s5#R#ampa#7452#33#L.TIF,598.0
0,/data1/users/tfunck/receptor/MR2/img_lin/R_slab_5/RS#HG#MR2s5#R#oxot#7489#12#L.TIF,599.0
0,/data1/users/tfunck/receptor/MR2/img_lin/R_slab_5/RS#HG#MR2s5#R#keta#7508#35#L.TIF,600.0
0,/data1/users/tfunck/receptor/MR2/img_lin/R_slab_5/RS#HG#MR2s5#R#ampa#7451#28#L.TIF,601.0
0,/data1/users/tfunck/receptor/MR2/img_lin/R_slab_5/RS#HG#MR2s5#R#sr95#7631#48#L.TIF,602.0
0,/data1/users/tfunck/receptor/MR2/img_lin/R_slab_5/RS#HG#MR2s5#R#mk80#7467#26#L.TIF,603.0
0,/data1/users/tfunck/receptor/MR2/img_lin/R_slab_5/RS#HG#MR2s5#R#sr95#7629#32#L.TIF,604.0
0,/data1/users/tfunck/receptor/MR2/img_lin/R_slab_5/RS#HG#MR2s5#R#pire#9585#12#L.TIF,605.0
0,/data1/users/tfunck/receptor/MR2/img_lin/R_slab_5/RS#HG#MR2s5#R#dpmg#7578#19#L.TIF,606.0
0,/data1/users/tfunck/receptor/MR2/img_lin/R_slab_5/RS#HG#MR2s5#R#ampa#7451#31#L.TIF,607.0
0,/data1/users/tfunck/receptor/MR2/img_lin/R_slab_5/RS#HG#MR2s5#R#ampa#7449#13#L.TIF,608.0
0,/data1/users/tfunck/receptor/MR2/img_lin/R_slab_5/RS#HG#MR2s5#R#ampa#7449#08#L.TIF,609.0
0,/data1/users/tfunck/receptor/MR2/img_lin/R_slab_5/RS#HG#MR2s5#R#musc#7473#04#L.TIF,610.0
0,/data1/users/tfunck/receptor/MR2/img_lin/R_slab_5/RS#HG#MR2s5#R#uk14#7522#22#L.TIF,611.0
0,/data1/users/tfunck/receptor/MR2/img_lin/R_slab_5/RS#HG#MR2s5#R#musc#7477#38#L.TIF,612.0
0,/data1/users/tfunck/receptor/MR2/img_lin/R_slab_5/RS#HG#MR2s5#R#oxot#7496#50#L.TIF,613.0
0,/data1/users/tfunck/receptor/MR2/img_lin/R_slab_5/RS#HG#MR2s5#R#keta#7510#42#L.TIF,614.0
0,/data1/users/tfunck/receptor/MR2/img_lin/R_slab_5/RS#HG#MR2s5#R#uk14#7527#47#L.TIF,615.0
0,/data1/users/tfunck/receptor/MR2/img_lin/R_slab_5/RS#HG#MR2s5#R#pire#9585#17#L.TIF,616.0
0,/data1/users/tfunck/receptor/MR2/img_lin/R_slab_5/RS#HG#MR2S5#R#cgp5#7585#05#L.TIF,617.0
0,/data1/users/tfunck/receptor/MR2/img_lin/R_slab_5/RS#HG#MR2s5#R#sch2#7537#15#L.TIF,618.0
0,/data1/users/tfunck/receptor/MR2/img_lin/R_slab_5/RS#HG#MR2s5#R#rx82#7529#14#L.TIF,619.0
0,/data1/users/tfunck/receptor/MR2/img_lin/R_slab_5/RS#HG#MR2s5#R#ampa#7449#03#L.TIF,620.0
0,/data1/users/tfunck/receptor/MR2/img_lin/R_slab_5/RS#HG#MR2s5#R#kain#7458#24#L.TIF,621.0
0,/data1/users/tfunck/receptor/MR2/img_lin/R_slab_5/RS#HG#MR2s5#R#damp#7601#02#L.TIF,622.0
0,/data1/users/tfunck/receptor/MR2/img_lin/R_slab_5/RS#HG#MR2S5#R#cgp5#7588#39#L.TIF,623.0
0,/data1/users/tfunck/receptor/MR2/img_lin/R_slab_5/RS#HG#MR2s5#R#keta#7505#06#L.TIF,624.0
0,/data1/users/tfunck/receptor/MR2/img_lin/R_slab_5/RS#HG#MR2s5#R#keta#7507#28#L.TIF,625.0
0,/data1/users/tfunck/receptor/MR2/img_lin/R_slab_5/RS#HG#MR2s5#R#uk14#7521#12#L.TIF,626.0
0,/data1/users/tfunck/receptor/MR2/img_lin/R_slab_5/RS#HG#MR2s5#R#oxot#7491#28#L.TIF,627.0
0,/data1/users/tfunck/receptor/MR2/img_lin/R_slab_5/RS#HG#MR2s5#R#damp#7603#30#L.TIF,628.0
0,/data1/users/tfunck/receptor/MR2/img_lin/R_slab_5/RS#HG#MR2s5#R#afdx#7612#32#L.TIF,629.0
0,/data1/users/tfunck/receptor/MR2/img_lin/R_slab_5/RS#HG#MR2S5#R#cgp5#7587#31#L.TIF,630.0
0,/data1/users/tfunck/receptor/MR2/img_lin/R_slab_5/RS#HG#MR2s5#R#mk80#7469#39#L.TIF,631.0
0,/data1/users/tfunck/receptor/MR2/img_lin/R_slab_5/RS#HG#MR2s5#R#rx82#7529#02#L.TIF,632.0
0,/data1/users/tfunck/receptor/MR2/img_lin/R_slab_5/RS#HG#MR2s5#R#ly34#7618#20#L.TIF,633.0
0,/data1/users/tfunck/receptor/MR2/img_lin/R_slab_5/RS#HG#MR2s5#R#damp#7601#05#L.TIF,634.0
0,/data1/users/tfunck/receptor/MR2/img_lin/R_slab_5/RS#HG#MR2s5#R#rx82#7529#11#L.TIF,635.0
0,/data1/users/tfunck/receptor/MR2/img_lin/R_slab_5/RS#HG#MR2s5#R#pire#9585#15#L.TIF,636.0
0,/data1/users/tfunck/receptor/MR2/img_lin/R_slab_5/RS#HG#MR2s5#R#damp#7601#06#L.TIF,637.0
0,/data1/users/tfunck/receptor/MR2/img_lin/R_slab_5/RS#HG#MR2s5#R#mk80#7466#19#L.TIF,638.0
0,/data1/users/tfunck/receptor/MR2/img_lin/R_slab_5/RS#HG#MR2s5#R#damp#7601#08#L.TIF,639.0
0,/data1/users/tfunck/receptor/MR2/img_lin/R_slab_5/RS#HG#MR2s5#R#kain#7457#04#L.TIF,640.0
0,/data1/users/tfunck/receptor/MR2/img_lin/R_slab_5/RS#HG#MR2s5#R#oxot#7496#52#L.TIF,641.0
0,/data1/users/tfunck/receptor/MR2/img_lin/R_slab_5/RS#HG#MR2s5#R#oxot#7493#37#L.TIF,642.0
0,/data1/users/tfunck/receptor/MR2/img_lin/R_slab_5/RS#HG#MR2s5#R#uk14#7523#25#L.TIF,643.0
0,/data1/users/tfunck/receptor/MR2/img_lin/R_slab_5/RS#HG#MR2s5#R#sch2#7544#50#L.TIF,644.0
0,/data1/users/tfunck/receptor/MR2/img_lin/R_slab_5/RS#HG#MR2s5#R#ampa#7453#39#L.TIF,645.0
0,/data1/users/tfunck/receptor/MR2/img_lin/R_slab_5/RS#HG#MR2s5#R#rx82#7531#27#L.TIF,646.0
0,/data1/users/tfunck/receptor/MR2/img_lin/R_slab_5/RS#HG#MR2s5#R#oxot#7494#44#L.TIF,647.0
0,/data1/users/tfunck/receptor/MR2/img_lin/R_slab_5/RS#HG#MR2s5#R#dpmg#7577#02#L.TIF,648.0
0,/data1/users/tfunck/receptor/MR2/img_lin/R_slab_5/RS#HG#MR2s5#R#ly34#7617#05#L.TIF,649.0
0,/data1/users/tfunck/receptor/MR2/img_lin/R_slab_5/RS#HG#MR2s5#R#pire#9586#21#L.TIF,650.0
0,/data1/users/tfunck/receptor/MR2/img_lin/R_slab_5/RS#HG#MR2s5#R#uk14#7523#28#L.TIF,651.0
0,/data1/users/tfunck/receptor/MR2/img_lin/R_slab_5/RS#HG#MR2s5#R#epib#7547#30#L.TIF,652.0
0,/data1/users/tfunck/receptor/MR2/img_lin/R_slab_5/RS#HG#MR2s5#R#musc#7474#24#L.TIF,653.0
0,/data1/users/tfunck/receptor/MR2/img_lin/R_slab_5/RS#HG#MR2S5#R#cgp5#7585#07#L.TIF,654.0
0,/data1/users/tfunck/receptor/MR2/img_lin/R_slab_5/RS#HG#MR2s5#R#afdx#7610#23#L.TIF,655.0
0,/data1/users/tfunck/receptor/MR2/img_lin/R_slab_5/RS#HG#MR2S5#R#cgp5#7591#50#L.TIF,656.0
0,/data1/users/tfunck/receptor/MR2/img_lin/R_slab_5/RS#HG#MR2s5#R#sch2#7540#31#L.TIF,657.0
0,/data1/users/tfunck/receptor/MR2/img_lin/R_slab_5/RS#HG#MR2s5#R#uk14#7521#11#L.TIF,658.0
0,/data1/users/tfunck/receptor/MR2/img_lin/R_slab_5/RS#HG#MR2s5#R#keta#7509#40#L.TIF,659.0
0,/data1/users/tfunck/receptor/MR2/img_lin/R_slab_5/RS#HG#MR2s5#R#kain#7462#43#L.TIF,660.0
0,/data1/users/tfunck/receptor/MR2/img_lin/R_slab_5/RS#HG#MR2S5#R#cgp5#7587#33#L.TIF,661.0
0,/data1/users/tfunck/receptor/MR2/img_lin/R_slab_5/RS#HG#MR2S5#R#cgp5#7589#40#L.TIF,662.0
0,/data1/users/tfunck/receptor/MR2/img_lin/R_slab_5/RS#HG#MR2s5#R#dpat#7503#46#L.TIF,663.0
0,/data1/users/tfunck/receptor/MR2/img_lin/R_slab_5/RS#HG#MR2s5#R#musc#7473#02#L.TIF,664.0
0,/data1/users/tfunck/receptor/MR2/img_lin/R_slab_5/RS#HG#MR2s5#R#sch2#7537#13#L.TIF,665.0
0,/data1/users/tfunck/receptor/MR2/img_lin/R_slab_5/RS#HG#MR2s5#R#ampa#7449#12#L.TIF,666.0
0,/data1/users/tfunck/receptor/MR2/img_lin/R_slab_5/RS#HG#MR2s5#R#flum#7598#41#L.TIF,667.0
0,/data1/users/tfunck/receptor/MR2/img_lin/R_slab_5/RS#HG#MR2s5#R#rx82#7529#01#L.TIF,668.0
0,/data1/users/tfunck/receptor/MR2/img_lin/R_slab_5/RS#HG#MR2S5#R#cgp5#7590#47#L.TIF,669.0
0,/data1/users/tfunck/receptor/MR2/img_lin/R_slab_5/RS#HG#MR2s5#R#rx82#7535#45#L.TIF,670.0
0,/data1/users/tfunck/receptor/MR2/img_lin/R_slab_5/RS#HG#MR2s5#R#flum#7595#27#L.TIF,671.0
0,/data1/users/tfunck/receptor/MR2/img_lin/R_slab_5/RS#HG#MR2s5#R#dpmg#7584#51#L.TIF,672.0
0,/data1/users/tfunck/receptor/MR2/img_lin/R_slab_5/RS#HG#MR2s5#R#epib#7551#49#L.TIF,673.0
0,/data1/users/tfunck/receptor/MR2/img_lin/R_slab_5/RS#HG#MR2s5#R#flum#7593#14#L.TIF,674.0
0,/data1/users/tfunck/receptor/MR2/img_lin/R_slab_5/RS#HG#MR2s5#R#damp#7602#17#L.TIF,675.0
0,/data1/users/tfunck/receptor/MR2/img_lin/R_slab_5/RS#HG#MR2s5#R#flum#7593#03#L.TIF,676.0
0,/data1/users/tfunck/receptor/MR2/img_lin/R_slab_5/RS#HG#MR2s5#R#epib#7545#11#L.TIF,677.0
0,/data1/users/tfunck/receptor/MR2/img_lin/R_slab_5/RS#HG#MR2s5#R#kain#7461#37#L.TIF,678.0
0,/data1/users/tfunck/receptor/MR2/img_lin/R_slab_5/RS#HG#MR2s5#R#mk80#7469#41#L.TIF,679.0
0,/data1/users/tfunck/receptor/MR2/img_lin/R_slab_5/RS#HG#MR2s5#R#mk80#7465#10#L.TIF,680.0
0,/data1/users/tfunck/receptor/MR2/img_lin/R_slab_5/RS#HG#MR2s5#R#oxot#7491#30#L.TIF,681.0
0,/data1/users/tfunck/receptor/MR2/img_lin/R_slab_5/RS#HG#MR2s5#R#musc#7478#46#L.TIF,682.0
0,/data1/users/tfunck/receptor/MR2/img_lin/R_slab_5/RS#HG#MR2s5#R#rx82#7532#32#L.TIF,683.0
0,/data1/users/tfunck/receptor/MR2/img_lin/R_slab_5/RS#HG#MR2s5#R#afdx#7609#10#L.TIF,684.0
0,/data1/users/tfunck/receptor/MR2/img_lin/R_slab_5/RS#HG#MR2s5#R#uk14#7522#16#L.TIF,685.0
0,/data1/users/tfunck/receptor/MR2/img_lin/R_slab_5/RS#HG#MR2s5#R#ly34#7617#12#L.TIF,686.0
0,/data1/users/tfunck/receptor/MR2/img_lin/R_slab_5/RS#HG#MR2s5#R#sch2#7537#01#L.TIF,687.0
0,/data1/users/tfunck/receptor/MR2/img_lin/R_slab_5/RS#HG#MR2s5#R#dpmg#7577#16#L.TIF,688.0
0,/data1/users/tfunck/receptor/MR2/img_lin/R_slab_5/RS#HG#MR2s5#R#keta#7507#27#L.TIF,689.0
0,/data1/users/tfunck/receptor/MR2/img_lin/R_slab_5/RS#HG#MR2s5#R#pire#9586#26#L.TIF,690.0
0,/data1/users/tfunck/receptor/MR2/img_lin/R_slab_5/RS#HG#MR2s5#R#epib#7547#27#L.TIF,691.0
0,/data1/users/tfunck/receptor/MR2/img_lin/R_slab_5/RS#HG#MR2s5#R#rx82#7529#12#L.TIF,692.0
0,/data1/users/tfunck/receptor/MR2/img_lin/R_slab_5/RS#HG#MR2s5#R#oxot#7489#03#L.TIF,693.0
0,/data1/users/tfunck/receptor/MR2/img_lin/R_slab_5/RS#HG#MR2s5#R#praz#7516#31#L.TIF,694.0
0,/data1/users/tfunck/receptor/MR2/img_lin/R_slab_5/RS#HG#MR2s5#R#dpat#7498#22#L.TIF,695.0
0,/data1/users/tfunck/receptor/MR2/img_lin/R_slab_5/RS#HG#MR2s5#R#mk80#7465#03#L.TIF,696.0
0,/data1/users/tfunck/receptor/MR2/img_lin/R_slab_5/RS#HG#MR2s5#R#rx82#7536#51#L.TIF,697.0
0,/data1/users/tfunck/receptor/MR2/img_lin/R_slab_5/RS#HG#MR2s5#R#uk14#7521#06#L.TIF,698.0
0,/data1/users/tfunck/receptor/MR2/img_lin/R_slab_5/RS#HG#MR2s5#R#ly34#7617#14#L.TIF,699.0
0,/data1/users/tfunck/receptor/MR2/img_lin/R_slab_5/RS#HG#MR2S5#R#praz#8661#20#L.TIF,700.0
0,/data1/users/tfunck/receptor/MR2/img_lin/R_slab_5/RS#HG#MR2s5#R#ampa#7452#35#L.TIF,701.0
0,/data1/users/tfunck/receptor/MR2/img_lin/R_slab_5/RS#HG#MR2s5#R#dpmg#7580#32#L.TIF,702.0
0,/data1/users/tfunck/receptor/MR2/img_lin/R_slab_5/RS#HG#MR2s5#R#ampa#7450#21#L.TIF,703.0
0,/data1/users/tfunck/receptor/MR2/img_lin/R_slab_5/RS#HG#MR2s5#R#afdx#7616#51#L.TIF,704.0
0,/data1/users/tfunck/receptor/MR2/img_lin/R_slab_5/RS#HG#MR2s5#R#damp#7604#31#L.TIF,705.0
0,/data1/users/tfunck/receptor/MR2/img_lin/R_slab_5/RS#HG#MR2s5#R#afdx#7611#30#L.TIF,706.0
0,/data1/users/tfunck/receptor/MR2/img_lin/R_slab_5/RS#HG#MR2s5#R#dpat#7497#15#L.TIF,707.0
0,/data1/users/tfunck/receptor/MR2/img_lin/R_slab_5/RS#HG#MR2s5#R#ampa#7456#51#L.TIF,708.0
0,/data1/users/tfunck/receptor/MR2/img_lin/R_slab_5/RS#HG#MR2s5#R#sr95#7626#22#L.TIF,709.0
0,/data1/users/tfunck/receptor/MR2/img_lin/R_slab_5/RS#HG#MR2s5#R#epib#7551#48#L.TIF,710.0
0,/data1/users/tfunck/receptor/MR2/img_lin/R_slab_5/RS#HG#MR2s5#R#musc#7479#50#L.TIF,711.0
0,/data1/users/tfunck/receptor/MR2/img_lin/R_slab_5/RS#HG#MR2s5#R#musc#7474#19#L.TIF,712.0
0,/data1/users/tfunck/receptor/MR2/img_lin/R_slab_5/RS#HG#MR2s5#R#ly34#7622#46#L.TIF,713.0
0,/data1/users/tfunck/receptor/MR2/img_lin/R_slab_5/RS#HG#MR2s5#R#pire#9589#43#L.TIF,714.0
0,/data1/users/tfunck/receptor/MR2/img_lin/R_slab_5/RS#HG#MR2s5#R#flum#7596#36#L.TIF,715.0
0,/data1/users/tfunck/receptor/MR2/img_lin/R_slab_5/RS#HG#MR2s5#R#keta#7512#50#L.TIF,716.0
0,/data1/users/tfunck/receptor/MR2/img_lin/R_slab_5/RS#HG#MR2s5#R#sch2#7541#36#L.TIF,717.0
0,/data1/users/tfunck/receptor/MR2/img_lin/R_slab_5/RS#HG#MR2S5#R#cgp5#7586#23#L.TIF,718.0
0,/data1/users/tfunck/receptor/MR2/img_lin/R_slab_5/RS#HG#MR2s5#R#flum#7593#01#L.TIF,719.0
0,/data1/users/tfunck/receptor/MR2/img_lin/R_slab_5/RS#HG#MR2s5#R#dpat#7497#14#L.TIF,720.0
0,/data1/users/tfunck/receptor/MR2/img_lin/R_slab_5/RS#HG#MR2s5#R#keta#7508#31#L.TIF,721.0
0,/data1/users/tfunck/receptor/MR2/img_lin/R_slab_5/RS#HG#MR2s5#R#flum#7600#50#L.TIF,722.0
0,/data1/users/tfunck/receptor/MR2/img_lin/R_slab_5/RS#HG#MR2s5#R#flum#7593#07#L.TIF,723.0
0,/data1/users/tfunck/receptor/MR2/img_lin/R_slab_5/RS#HG#MR2s5#R#pire#9585#18#L.TIF,724.0
0,/data1/users/tfunck/receptor/MR2/img_lin/R_slab_5/RS#HG#MR2s5#R#ampa#7455#50#L.TIF,725.0
0,/data1/users/tfunck/receptor/MR2/img_lin/R_slab_5/RS#HG#MR2s5#R#oxot#7491#26#L.TIF,726.0
0,/data1/users/tfunck/receptor/MR2/img_lin/R_slab_5/RS#HG#MR2s5#R#afdx#7615#49#L.TIF,727.0
0,/data1/users/tfunck/receptor/MR2/img_lin/R_slab_5/RS#HG#MR2s5#R#damp#7601#13#L.TIF,728.0
0,/data1/users/tfunck/receptor/MR2/img_lin/R_slab_5/RS#HG#MR2s5#R#epib#7548#31#L.TIF,729.0
0,/data1/users/tfunck/receptor/MR2/img_lin/R_slab_5/RS#HG#MR2s5#R#keta#7509#36#L.TIF,730.0
0,/data1/users/tfunck/receptor/MR2/img_lin/R_slab_5/RS#HG#MR2s5#R#praz#7515#25#L.TIF,731.0
0,/data1/users/tfunck/receptor/MR2/img_lin/R_slab_5/RS#HG#MR2s5#R#afdx#7615#48#L.TIF,732.0
0,/data1/users/tfunck/receptor/MR2/img_lin/R_slab_5/RS#HG#MR2S5#R#cgp5#7585#17#L.TIF,733.0
0,/data1/users/tfunck/receptor/MR2/img_lin/R_slab_5/RS#HG#MR2s5#R#ly34#7621#39#L.TIF,734.0
0,/data1/users/tfunck/receptor/MR2/img_lin/R_slab_5/RS#HG#MR2s5#R#sr95#7630#38#L.TIF,735.0
0,/data1/users/tfunck/receptor/MR2/img_lin/R_slab_5/RS#HG#MR2s5#R#oxot#7489#02#L.TIF,736.0
0,/data1/users/tfunck/receptor/MR2/img_lin/R_slab_5/RS#HG#MR2s5#R#oxot#7489#06#L.TIF,737.0
0,/data1/users/tfunck/receptor/MR2/img_lin/R_slab_5/RS#HG#MR2s5#R#dpmg#7580#34#L.TIF,738.0
0,/data1/users/tfunck/receptor/MR2/img_lin/R_slab_5/RS#HG#MR2s5#R#sr95#7631#50#L.TIF,739.0
0,/data1/users/tfunck/receptor/MR2/img_lin/R_slab_5/RS#HG#MR2S5#R#sch2#8660#26#L.TIF,740.0
0,/data1/users/tfunck/receptor/MR2/img_lin/R_slab_5/RS#HG#MR2s5#R#afdx#7610#19#L.TIF,741.0
0,/data1/users/tfunck/receptor/MR2/img_lin/R_slab_5/RS#HG#MR2s5#R#musc#7479#49#L.TIF,742.0
0,/data1/users/tfunck/receptor/MR2/img_lin/R_slab_5/RS#HG#MR2s5#R#pire#9585#09#L.TIF,743.0
0,/data1/users/tfunck/receptor/MR2/img_lin/R_slab_5/RS#HG#MR2s5#R#mk80#7469#38#L.TIF,744.0
0,/data1/users/tfunck/receptor/MR2/img_lin/R_slab_5/RS#HG#MR2s5#R#keta#7506#20#L.TIF,745.0
0,/data1/users/tfunck/receptor/MR2/img_lin/R_slab_5/RS#HG#MR2s5#R#flum#7598#37#L.TIF,746.0
0,/data1/users/tfunck/receptor/MR2/img_lin/R_slab_5/RS#HG#MR2s5#R#damp#7601#14#L.TIF,747.0
0,/data1/users/tfunck/receptor/MR2/img_lin/R_slab_5/RS#HG#MR2s5#R#dpat#7500#30#L.TIF,748.0
0,/data1/users/tfunck/receptor/MR2/img_lin/R_slab_5/RS#HG#MR2s5#R#praz#7513#15#L.TIF,749.0
0,/data1/users/tfunck/receptor/MR2/img_lin/R_slab_5/RS#HG#MR2s5#R#rx82#7534#42#L.TIF,750.0
0,/data1/users/tfunck/receptor/MR2/img_lin/R_slab_5/RS#HG#MR2s5#R#oxot#7489#07#L.TIF,751.0
0,/data1/users/tfunck/receptor/MR2/img_lin/R_slab_5/RS#HG#MR2s5#R#musc#7478#45#L.TIF,752.0
0,/data1/users/tfunck/receptor/MR2/img_lin/R_slab_5/RS#HG#MR2s5#R#keta#7505#11#L.TIF,753.0
0,/data1/users/tfunck/receptor/MR2/img_lin/R_slab_5/RS#HG#MR2s5#R#dpmg#7578#24#L.TIF,754.0
0,/data1/users/tfunck/receptor/MR2/img_lin/R_slab_5/RS#HG#MR2s5#R#damp#7602#24#L.TIF,755.0
0,/data1/users/tfunck/receptor/MR2/img_lin/R_slab_5/RS#HG#MR2s5#R#flum#7596#33#L.TIF,756.0
0,/data1/users/tfunck/receptor/MR2/img_lin/R_slab_5/RS#HG#MR2s5#R#afdx#7612#33#L.TIF,757.0
0,/data1/users/tfunck/receptor/MR2/img_lin/R_slab_5/RS#HG#MR2s5#R#afdx#7610#21#L.TIF,758.0
0,/data1/users/tfunck/receptor/MR2/img_lin/R_slab_5/RS#HG#MR2s5#R#mk80#7471#47#L.TIF,759.0
0,/data1/users/tfunck/receptor/MR2/img_lin/R_slab_5/RS#HG#MR2s5#R#mk80#7465#13#L.TIF,760.0
0,/data1/users/tfunck/receptor/MR2/img_lin/R_slab_5/RS#HG#MR2s5#R#rx82#7533#37#L.TIF,761.0
0,/data1/users/tfunck/receptor/MR2/img_lin/R_slab_5/RS#HG#MR2s5#R#sch2#7542#42#L.TIF,762.0
0,/data1/users/tfunck/receptor/MR2/img_lin/R_slab_5/RS#HG#MR2s5#R#praz#7516#34#L.TIF,763.0
0,/data1/users/tfunck/receptor/MR2/img_lin/R_slab_5/RS#HG#MR2s5#R#epib#7547#29#L.TIF,764.0
0,/data1/users/tfunck/receptor/MR2/img_lin/R_slab_5/RS#HG#MR2s5#R#flum#7596#35#L.TIF,765.0
0,/data1/users/tfunck/receptor/MR2/img_lin/R_slab_5/RS#HG#MR2s5#R#uk14#7521#03#L.TIF,766.0
0,/data1/users/tfunck/receptor/MR2/img_lin/R_slab_5/RS#HG#MR2s5#R#sr95#7625#17#L.TIF,767.0
0,/data1/users/tfunck/receptor/MR2/img_lin/R_slab_5/RS#HG#MR2s5#R#uk14#7525#37#L.TIF,768.0
0,/data1/users/tfunck/receptor/MR2/img_lin/R_slab_5/RS#HG#MR2s5#R#praz#7513#06#L.TIF,769.0
0,/data1/users/tfunck/receptor/MR2/img_lin/R_slab_5/RS#HG#MR2s5#R#praz#7513#05#L.TIF,770.0
0,/data1/users/tfunck/receptor/MR2/img_lin/R_slab_5/RS#HG#MR2s5#R#damp#7607#49#L.TIF,771.0
0,/data1/users/tfunck/receptor/MR2/img_lin/R_slab_5/RS#HG#MR2s5#R#kain#7457#10#L.TIF,772.0
0,/data1/users/tfunck/receptor/MR2/img_lin/R_slab_5/RS#HG#MR2s5#R#kain#7460#35#L.TIF,773.0
0,/data1/users/tfunck/receptor/MR2/img_lin/R_slab_5/RS#HG#MR2s5#R#musc#7474#20#L.TIF,774.0
0,/data1/users/tfunck/receptor/MR2/img_lin/R_slab_5/RS#HG#MR2s5#R#flum#7595#28#L.TIF,775.0
0,/data1/users/tfunck/receptor/MR2/img_lin/R_slab_5/RS#HG#MR2s5#R#ly34#7620#32#L.TIF,776.0
0,/data1/users/tfunck/receptor/MR2/img_lin/R_slab_5/RS#HG#MR2s5#R#rx82#7532#33#L.TIF,777.0
0,/data1/users/tfunck/receptor/MR2/img_lin/R_slab_5/RS#HG#MR2s5#R#ly34#7617#11#L.TIF,778.0
0,/data1/users/tfunck/receptor/MR2/img_lin/R_slab_5/RS#HG#MR2s5#R#mk80#7471#48#L.TIF,779.0
0,/data1/users/tfunck/receptor/MR2/img_lin/R_slab_5/RS#HG#MR2s5#R#kain#7462#46#L.TIF,780.0
0,/data1/users/tfunck/receptor/MR2/img_lin/R_slab_5/RS#HG#MR2s5#R#oxot#7495#47#L.TIF,781.0
0,/data1/users/tfunck/receptor/MR2/img_lin/R_slab_5/RS#HG#MR2s5#R#pire#9585#03#L.TIF,782.0
0,/data1/users/tfunck/receptor/MR2/img_lin/R_slab_5/RS#HG#MR2s5#R#musc#7476#36#L.TIF,783.0
0,/data1/users/tfunck/receptor/MR2/img_lin/R_slab_5/RS#HG#MR2s5#R#praz#7517#39#L.TIF,784.0
0,/data1/users/tfunck/receptor/MR2/img_lin/R_slab_5/RS#HG#MR2s5#R#mk80#7470#44#L.TIF,785.0
0,/data1/users/tfunck/receptor/MR2/img_lin/R_slab_5/RS#HG#MR2s5#R#dpmg#7577#04#L.TIF,786.0
0,/data1/users/tfunck/receptor/MR2/img_lin/R_slab_5/RS#HG#MR2s5#R#sch2#7537#09#L.TIF,787.0
0,/data1/users/tfunck/receptor/MR2/img_lin/R_slab_5/RS#HG#MR2s5#R#dpmg#7582#45#L.TIF,788.0
0,/data1/users/tfunck/receptor/MR2/img_lin/R_slab_5/RS#HG#MR2s5#R#dpmg#7577#06#L.TIF,789.0
0,/data1/users/tfunck/receptor/MR2/img_lin/R_slab_5/RS#HG#MR2S5#R#cgp5#7585#16#L.TIF,790.0
0,/data1/users/tfunck/receptor/MR2/img_lin/R_slab_5/RS#HG#MR2s5#R#keta#7505#04#L.TIF,791.0
0,/data1/users/tfunck/receptor/MR2/img_lin/R_slab_5/RS#HG#MR2s5#R#ly34#7620#35#L.TIF,792.0
0,/data1/users/tfunck/receptor/MR2/img_lin/R_slab_5/RS#HG#MR2s5#R#flum#7597#44#L.TIF,793.0
0,/data1/users/tfunck/receptor/MR2/img_lin/R_slab_5/RS#HG#MR2S5#R#sr95#8665#49#L.TIF,794.0
0,/data1/users/tfunck/receptor/MR2/img_lin/R_slab_5/RS#HG#MR2s5#R#praz#7518#44#L.TIF,795.0
0,/data1/users/tfunck/receptor/MR2/img_lin/R_slab_5/RS#HG#MR2S5#R#dpmg#8658#48#L.TIF,796.0
0,/data1/users/tfunck/receptor/MR2/img_lin/R_slab_5/RS#HG#MR2s5#R#sr95#7625#08#L.TIF,797.0
0,/data1/users/tfunck/receptor/MR2/img_lin/R_slab_5/RS#HG#MR2s5#R#afdx#7612#35#L.TIF,798.0
0,/data1/users/tfunck/receptor/MR2/img_lin/R_slab_5/RS#HG#MR2s5#R#flum#7599#47#L.TIF,799.0
0,/data1/users/tfunck/receptor/MR2/img_lin/R_slab_5/RS#HG#MR2s5#R#rx82#7529#05#L.TIF,800.0
0,/data1/users/tfunck/receptor/MR2/img_lin/R_slab_5/RS#HG#MR2s5#R#keta#7506#24#L.TIF,801.0
0,/data1/users/tfunck/receptor/MR2/img_lin/R_slab_5/RS#HG#MR2s5#R#praz#7517#37#L.TIF,802.0
0,/data1/users/tfunck/receptor/MR2/img_lin/R_slab_5/RS#HG#MR2s5#R#musc#7480#52#L.TIF,803.0
0,/data1/users/tfunck/receptor/MR2/img_lin/R_slab_5/RS#HG#MR2S5#R#cgp5#7585#02#L.TIF,804.0
0,/data1/users/tfunck/receptor/MR2/img_lin/R_slab_5/RS#HG#MR2s5#R#damp#7607#47#L.TIF,805.0
0,/data1/users/tfunck/receptor/MR2/img_lin/R_slab_5/RS#HG#MR2s5#R#ly34#7618#25#L.TIF,806.0
0,/data1/users/tfunck/receptor/MR2/img_lin/R_slab_5/RS#HG#MR2s5#R#pire#9589#41#L.TIF,807.0
0,/data1/users/tfunck/receptor/MR2/img_lin/R_slab_5/RS#HG#MR2s5#R#damp#7601#04#L.TIF,808.0
0,/data1/users/tfunck/receptor/MR2/img_lin/R_slab_5/RS#HG#MR2s5#R#praz#7513#03#L.TIF,809.0
0,/data1/users/tfunck/receptor/MR2/img_lin/R_slab_5/RS#HG#MR2s5#R#oxot#7494#43#L.TIF,810.0
0,/data1/users/tfunck/receptor/MR2/img_lin/R_slab_5/RS#HG#MR2s5#R#rx82#7530#21#L.TIF,811.0
0,/data1/users/tfunck/receptor/MR2/img_lin/R_slab_5/RS#HG#MR2s5#R#pire#9585#13#L.TIF,812.0
0,/data1/users/tfunck/receptor/MR2/img_lin/R_slab_5/RS#HG#MR2s5#R#keta#7510#41#L.TIF,813.0
0,/data1/users/tfunck/receptor/MR2/img_lin/R_slab_5/RS#HG#MR2s5#R#ampa#7450#24#L.TIF,814.0
0,/data1/users/tfunck/receptor/MR2/img_lin/R_slab_5/RS#HG#MR2s5#R#afdx#7609#11#L.TIF,815.0
0,/data1/users/tfunck/receptor/MR2/img_lin/R_slab_5/RS#HG#MR2S5#R#cgp5#7592#52#L.TIF,816.0
0,/data1/users/tfunck/receptor/MR2/img_lin/R_slab_5/RS#HG#MR2s5#R#sr95#7626#25#L.TIF,817.0
0,/data1/users/tfunck/receptor/MR2/img_lin/R_slab_5/RS#HG#MR2s5#R#oxot#7494#45#L.TIF,818.0
0,/data1/users/tfunck/receptor/MR2/img_lin/R_slab_5/RS#HG#MR2s5#R#afdx#7613#36#L.TIF,819.0
0,/data1/users/tfunck/receptor/MR2/img_lin/R_slab_5/RS#HG#MR2s5#R#musc#7475#29#L.TIF,820.0
0,/data1/users/tfunck/receptor/MR2/img_lin/R_slab_5/RS#HG#MR2s5#R#mk80#7466#25#L.TIF,821.0
0,/data1/users/tfunck/receptor/MR2/img_lin/R_slab_5/RS#HG#MR2s5#R#dpat#7502#43#L.TIF,822.0
0,/data1/users/tfunck/receptor/MR2/img_lin/R_slab_5/RS#HG#MR2s5#R#epib#7549#38#L.TIF,823.0
0,/data1/users/tfunck/receptor/MR2/img_lin/R_slab_5/RS#HG#MR2s5#R#afdx#7609#06#L.TIF,824.0
0,/data1/users/tfunck/receptor/MR2/img_lin/R_slab_5/RS#HG#MR2s5#R#flum#7600#52#L.TIF,825.0
0,/data1/users/tfunck/receptor/MR2/img_lin/R_slab_5/RS#HG#MR2s5#R#kain#7462#42#L.TIF,826.0
0,/data1/users/tfunck/receptor/MR2/img_lin/R_slab_5/RS#HG#MR2s5#R#oxot#7489#09#L.TIF,827.0
0,/data1/users/tfunck/receptor/MR2/img_lin/R_slab_5/RS#HG#MR2s5#R#rx82#7529#03#L.TIF,828.0
0,/data1/users/tfunck/receptor/MR2/img_lin/R_slab_5/RS#HG#MR2s5#R#ampa#7449#07#L.TIF,829.0
0,/data1/users/tfunck/receptor/MR2/img_lin/R_slab_5/RS#HG#MR2s5#R#mk80#7467#29#L.TIF,830.0
0,/data1/users/tfunck/receptor/MR2/img_lin/R_slab_5/RS#HG#MR2s5#R#ly34#7618#23#L.TIF,831.0
0,/data1/users/tfunck/receptor/MR2/img_lin/R_slab_5/RS#HG#MR2s5#R#mk80#7465#05#L.TIF,832.0
0,/data1/users/tfunck/receptor/MR2/img_lin/R_slab_5/RS#HG#MR2s5#R#sch2#7541#40#L.TIF,833.0
0,/data1/users/tfunck/receptor/MR2/img_lin/R_slab_5/RS#HG#MR2s5#R#epib#7548#35#L.TIF,834.0
0,/data1/users/tfunck/receptor/MR2/img_lin/R_slab_5/RS#HG#MR2S5#R#cgp5#7591#48#L.TIF,835.0
0,/data1/users/tfunck/receptor/MR2/img_lin/R_slab_5/RS#HG#MR2s5#R#ly34#7617#16#L.TIF,836.0
0,/data1/users/tfunck/receptor/MR2/img_lin/R_slab_5/RS#HG#MR2s5#R#kain#7457#14#L.TIF,837.0
0,/data1/users/tfunck/receptor/MR2/img_lin/R_slab_5/RS#HG#MR2s5#R#dpat#7497#06#L.TIF,838.0
0,/data1/users/tfunck/receptor/MR2/img_lin/R_slab_5/RS#HG#MR2s5#R#ampa#7449#02#L.TIF,839.0
0,/data1/users/tfunck/receptor/MR2/img_lin/R_slab_5/RS#HG#MR2s5#R#musc#7475#30#L.TIF,840.0
0,/data1/users/tfunck/receptor/MR2/img_lin/R_slab_5/RS#HG#MR2s5#R#praz#7515#27#L.TIF,841.0
0,/data1/users/tfunck/receptor/MR2/img_lin/R_slab_5/RS#HG#MR2s5#R#ampa#7449#15#L.TIF,842.0
0,/data1/users/tfunck/receptor/MR2/img_lin/R_slab_5/RS#HG#MR2s5#R#musc#7475#27#L.TIF,843.0
0,/data1/users/tfunck/receptor/MR2/img_lin/R_slab_5/RS#HG#MR2s5#R#sch2#7539#27#L.TIF,844.0
0,/data1/users/tfunck/receptor/MR2/img_lin/R_slab_5/RS#HG#MR2s5#R#oxot#7489#11#L.TIF,845.0
0,/data1/users/tfunck/receptor/MR2/img_lin/R_slab_5/RS#HG#MR2s5#R#musc#7476#32#L.TIF,846.0
0,/data1/users/tfunck/receptor/MR2/img_lin/R_slab_5/RS#HG#MR2s5#R#dpmg#7581#40#L.TIF,847.0
0,/data1/users/tfunck/receptor/MR2/img_lin/R_slab_5/RS#HG#MR2s5#R#flum#7593#12#L.TIF,848.0
0,/data1/users/tfunck/receptor/MR2/img_lin/R_slab_5/RS#HG#MR2s5#R#rx82#7533#36#L.TIF,849.0
0,/data1/users/tfunck/receptor/MR2/img_lin/R_slab_5/RS#HG#MR2S5#R#cgp5#7585#08#L.TIF,850.0
0,/data1/users/tfunck/receptor/MR2/img_lin/R_slab_5/RS#HG#MR2s5#R#praz#7513#07#L.TIF,851.0
0,/data1/users/tfunck/receptor/MR2/img_lin/R_slab_5/RS#HG#MR2s5#R#kain#7460#36#L.TIF,852.0
0,/data1/users/tfunck/receptor/MR2/img_lin/R_slab_5/RS#HG#MR2s5#R#sch2#7542#44#L.TIF,853.0
0,/data1/users/tfunck/receptor/MR2/img_lin/R_slab_5/RS#HG#MR2s5#R#flum#7594#20#L.TIF,854.0
0,/data1/users/tfunck/receptor/MR2/img_lin/R_slab_5/RS#HG#MR2s5#R#uk14#7528#50#L.TIF,855.0
0,/data1/users/tfunck/receptor/MR2/img_lin/R_slab_5/RS#HG#MR2s5#R#kain#7458#18#L.TIF,856.0
0,/data1/users/tfunck/receptor/MR2/img_lin/R_slab_5/RS#HG#MR2s5#R#sr95#7625#15#L.TIF,857.0
0,/data1/users/tfunck/receptor/MR2/img_lin/R_slab_5/RS#HG#MR2s5#R#pire#9587#29#L.TIF,858.0
0,/data1/users/tfunck/receptor/MR2/img_lin/R_slab_5/RS#HG#MR2s5#R#epib#7549#40#L.TIF,859.0
0,/data1/users/tfunck/receptor/MR2/img_lin/R_slab_5/RS#HG#MR2s5#R#afdx#7614#45#L.TIF,860.0
0,/data1/users/tfunck/receptor/MR2/img_lin/R_slab_5/RS#HG#MR2s5#R#ampa#7454#44#L.TIF,861.0
0,/data1/users/tfunck/receptor/MR2/img_lin/R_slab_5/RS#HG#MR2s5#R#rx82#7536#52#L.TIF,862.0
0,/data1/users/tfunck/receptor/MR2/img_lin/R_slab_5/RS#HG#MR2S5#R#damp#8675#28#L.TIF,863.0
0,/data1/users/tfunck/receptor/MR2/img_lin/R_slab_5/RS#HG#MR2s5#R#oxot#7489#13#L.TIF,864.0
0,/data1/users/tfunck/receptor/MR2/img_lin/R_slab_5/RS#HG#MR2s5#R#ly34#7619#26#L.TIF,865.0
0,/data1/users/tfunck/receptor/MR2/img_lin/R_slab_5/RS#HG#MR2s5#R#sch2#7539#24#L.TIF,866.0
0,/data1/users/tfunck/receptor/MR2/img_lin/R_slab_5/RS#HG#MR2s5#R#keta#7505#05#L.TIF,867.0
0,/data1/users/tfunck/receptor/MR2/img_lin/R_slab_5/RS#HG#MR2s5#R#damp#7602#21#L.TIF,868.0
0,/data1/users/tfunck/receptor/MR2/img_lin/R_slab_5/RS#HG#MR2s5#R#rx82#7534#41#L.TIF,869.0
0,/data1/users/tfunck/receptor/MR2/img_lin/R_slab_5/RS#HG#MR2s5#R#sch2#7538#21#L.TIF,870.0
0,/data1/users/tfunck/receptor/MR2/img_lin/R_slab_5/RS#HG#MR2s5#R#dpmg#7582#44#L.TIF,871.0
0,/data1/users/tfunck/receptor/MR2/img_lin/R_slab_5/RS#HG#MR2s5#R#keta#7511#48#L.TIF,872.0
0,/data1/users/tfunck/receptor/MR2/img_lin/R_slab_5/RS#HG#MR2s5#R#rx82#7533#39#L.TIF,873.0
0,/data1/users/tfunck/receptor/MR2/img_lin/R_slab_5/RS#HG#MR2s5#R#ampa#7449#06#L.TIF,874.0
0,/data1/users/tfunck/receptor/MR2/img_lin/R_slab_5/RS#HG#MR2s5#R#ampa#7449#16#L.TIF,875.0
0,/data1/users/tfunck/receptor/MR2/img_lin/R_slab_5/RS#HG#MR2s5#R#epib#7546#19#L.TIF,876.0
0,/data1/users/tfunck/receptor/MR2/img_lin/R_slab_5/RS#HG#MR2s5#R#uk14#7522#19#L.TIF,877.0
0,/data1/users/tfunck/receptor/MR2/img_lin/R_slab_5/RS#HG#MR2s5#R#epib#7545#03#L.TIF,878.0
0,/data1/users/tfunck/receptor/MR2/img_lin/R_slab_5/RS#HG#MR2s5#R#oxot#7492#34#L.TIF,879.0
0,/data1/users/tfunck/receptor/MR2/img_lin/R_slab_5/RS#HG#MR2s5#R#praz#7513#14#L.TIF,880.0
0,/data1/users/tfunck/receptor/MR2/img_lin/R_slab_5/RS#HG#MR2S5#R#cgp5#7586#24#L.TIF,881.0
0,/data1/users/tfunck/receptor/MR2/img_lin/R_slab_5/RS#HG#MR2s5#R#sr95#7628#44#L.TIF,882.0
0,/data1/users/tfunck/receptor/MR2/img_lin/R_slab_5/RS#HG#MR2s5#R#afdx#7609#05#L.TIF,883.0
0,/data1/users/tfunck/receptor/MR2/img_lin/R_slab_5/RS#HG#MR2s5#R#damp#7604#34#L.TIF,884.0
0,/data1/users/tfunck/receptor/MR2/img_lin/R_slab_5/RS#HG#MR2s5#R#rx82#7534#44#L.TIF,885.0
0,/data1/users/tfunck/receptor/MR2/img_lin/R_slab_5/RS#HG#MR2s5#R#dpat#7497#01#L.TIF,886.0
0,/data1/users/tfunck/receptor/MR2/img_lin/R_slab_5/RS#HG#MR2s5#R#praz#7520#52#L.TIF,887.0
0,/data1/users/tfunck/receptor/MR2/img_lin/R_slab_5/RS#HG#MR2S5#R#cgp5#7585#14#L.TIF,888.0
0,/data1/users/tfunck/receptor/MR2/img_lin/R_slab_5/RS#HG#MR2s5#R#rx82#7536#50#L.TIF,889.0
0,/data1/users/tfunck/receptor/MR2/img_lin/R_slab_5/RS#HG#MR2s5#R#ly34#7618#18#L.TIF,890.0
0,/data1/users/tfunck/receptor/MR2/img_lin/R_slab_5/RS#HG#MR2s5#R#pire#9586#23#L.TIF,891.0
0,/data1/users/tfunck/receptor/MR2/img_lin/R_slab_5/RS#HG#MR2s5#R#sch2#7540#30#L.TIF,892.0
0,/data1/users/tfunck/receptor/MR2/img_lin/R_slab_5/RS#HG#MR2s5#R#epib#7546#20#L.TIF,893.0
0,/data1/users/tfunck/receptor/MR2/img_lin/R_slab_5/RS#HG#MR2s5#R#afdx#7614#41#L.TIF,894.0
0,/data1/users/tfunck/receptor/MR2/img_lin/R_slab_5/RS#HG#MR2s5#R#uk14#7522#18#L.TIF,895.0
0,/data1/users/tfunck/receptor/MR2/img_lin/R_slab_5/RS#HG#MR2s5#R#sr95#7626#18#L.TIF,896.0
0,/data1/users/tfunck/receptor/MR2/img_lin/R_slab_5/RS#HG#MR2s5#R#rx82#7532#30#L.TIF,897.0
0,/data1/users/tfunck/receptor/MR2/img_lin/R_slab_5/RS#HG#MR2s5#R#kain#7464#51#L.TIF,898.0
0,/data1/users/tfunck/receptor/MR2/img_lin/R_slab_5/RS#HG#MR2s5#R#sr95#7626#24#L.TIF,899.0
0,/data1/users/tfunck/receptor/MR2/img_lin/R_slab_5/RS#HG#MR2s5#R#dpat#7504#52#L.TIF,900.0
0,/data1/users/tfunck/receptor/MR2/img_lin/R_slab_5/RS#HG#MR2s5#R#musc#7479#48#L.TIF,901.0
0,/data1/users/tfunck/receptor/MR2/img_lin/R_slab_5/RS#HG#MR2s5#R#flum#7598#39#L.TIF,902.0
0,/data1/users/tfunck/receptor/MR2/img_lin/R_slab_5/RS#HG#MR2s5#R#dpmg#7578#18#L.TIF,903.0
0,/data1/users/tfunck/receptor/MR2/img_lin/R_slab_5/RS#HG#MR2s5#R#dpmg#7581#38#L.TIF,904.0
0,/data1/users/tfunck/receptor/MR2/img_lin/R_slab_5/RS#HG#MR2s5#R#oxot#7489#08#L.TIF,905.0
0,/data1/users/tfunck/receptor/MR2/img_lin/R_slab_5/RS#HG#MR2s5#R#epib#7548#34#L.TIF,906.0
0,/data1/users/tfunck/receptor/MR2/img_lin/R_slab_5/RS#HG#MR2s5#R#dpmg#7577#05#L.TIF,907.0
0,/data1/users/tfunck/receptor/MR2/img_lin/R_slab_5/RS#HG#MR2s5#R#sch2#7537#11#L.TIF,908.0
0,/data1/users/tfunck/receptor/MR2/img_lin/R_slab_5/RS#HG#MR2s5#R#dpat#7502#42#L.TIF,909.0
0,/data1/users/tfunck/receptor/MR2/img_lin/R_slab_5/RS#HG#MR2s5#R#mk80#7468#31#L.TIF,910.0
0,/data1/users/tfunck/receptor/MR2/img_lin/R_slab_5/RS#HG#MR2s5#R#damp#7607#48#L.TIF,911.0
0,/data1/users/tfunck/receptor/MR2/img_lin/R_slab_5/RS#HG#MR2s5#R#flum#7594#23#L.TIF,912.0
0,/data1/users/tfunck/receptor/MR2/img_lin/R_slab_5/RS#HG#MR2s5#R#uk14#7528#49#L.TIF,913.0
0,/data1/users/tfunck/receptor/MR2/img_lin/R_slab_5/RS#HG#MR2s5#R#sr95#7625#06#L.TIF,914.0
0,/data1/users/tfunck/receptor/MR2/img_lin/R_slab_5/RS#HG#MR2s5#R#praz#7518#42#L.TIF,915.0
0,/data1/users/tfunck/receptor/MR2/img_lin/R_slab_5/RS#HG#MR2s5#R#epib#7545#15#L.TIF,916.0
0,/data1/users/tfunck/receptor/MR2/img_lin/R_slab_5/RS#HG#MR2s5#R#uk14#7521#14#L.TIF,917.0
0,/data1/users/tfunck/receptor/MR2/img_lin/R_slab_5/RS#HG#MR2s5#R#ampa#7449#09#L.TIF,918.0
0,/data1/users/tfunck/receptor/MR2/img_lin/R_slab_5/RS#HG#MR2s5#R#sch2#7542#43#L.TIF,919.0
0,/data1/users/tfunck/receptor/MR2/img_lin/R_slab_5/RS#HG#MR2s5#R#sch2#7539#23#L.TIF,920.0
0,/data1/users/tfunck/receptor/MR2/img_lin/R_slab_5/RS#HG#MR2s5#R#keta#7507#25#L.TIF,921.0
0,/data1/users/tfunck/receptor/MR2/img_lin/R_slab_5/RS#HG#MR2s5#R#sr95#7630#39#L.TIF,922.0
0,/data1/users/tfunck/receptor/MR2/img_lin/R_slab_5/RS#HG#MR2s5#R#musc#7473#13#L.TIF,923.0
0,/data1/users/tfunck/receptor/MR2/img_lin/R_slab_5/RS#HG#MR2s5#R#afdx#7609#15#L.TIF,924.0
0,/data1/users/tfunck/receptor/MR2/img_lin/R_slab_5/RS#HG#MR2s5#R#uk14#7524#34#L.TIF,925.0
0,/data1/users/tfunck/receptor/MR2/img_lin/R_slab_5/RS#HG#MR2S5#R#flum#8674#21#L.TIF,926.0
0,/data1/users/tfunck/receptor/MR2/img_lin/R_slab_5/RS#HG#MR2s5#R#epib#7545#10#L.TIF,927.0
0,/data1/users/tfunck/receptor/MR2/img_lin/R_slab_5/RS#HG#MR2s5#R#sch2#7537#05#L.TIF,928.0
0,/data1/users/tfunck/receptor/MR2/img_lin/R_slab_5/RS#HG#MR2s5#R#ly34#7619#27#L.TIF,929.0
0,/data1/users/tfunck/receptor/MR2/img_lin/R_slab_5/RS#HG#MR2s5#R#mk80#7471#50#L.TIF,930.0
0,/data1/users/tfunck/receptor/MR2/img_lin/R_slab_5/RS#HG#MR2S5#R#cgp5#7586#21#L.TIF,931.0
0,/data1/users/tfunck/receptor/MR2/img_lin/R_slab_5/RS#HG#MR2s5#R#praz#7513#10#L.TIF,932.0
0,/data1/users/tfunck/receptor/MR2/img_lin/R_slab_5/RS#HG#MR2S5#R#cgp5#7586#27#L.TIF,933.0
0,/data1/users/tfunck/receptor/MR2/img_lin/R_slab_5/RS#HG#MR2s5#R#oxot#7490#22#L.TIF,934.0
0,/data1/users/tfunck/receptor/MR2/img_lin/R_slab_5/RS#HG#MR2s5#R#afdx#7609#14#L.TIF,935.0
0,/data1/users/tfunck/receptor/MR2/img_lin/R_slab_5/RS#HG#MR2s5#R#kain#7457#07#L.TIF,936.0
0,/data1/users/tfunck/receptor/MR2/img_lin/R_slab_5/RS#HG#MR2s5#R#ampa#7449#10#L.TIF,937.0
0,/data1/users/tfunck/receptor/MR2/img_lin/R_slab_5/RS#HG#MR2s5#R#dpat#7498#17#L.TIF,938.0
0,/data1/users/tfunck/receptor/MR2/img_lin/R_slab_5/RS#HG#MR2s5#R#uk14#7521#13#L.TIF,939.0
0,/data1/users/tfunck/receptor/MR2/img_lin/R_slab_5/RS#HG#MR2s5#R#rx82#7533#35#L.TIF,940.0
0,/data1/users/tfunck/receptor/MR2/img_lin/R_slab_5/RS#HG#MR2s5#R#keta#7505#02#L.TIF,941.0
0,/data1/users/tfunck/receptor/MR2/img_lin/R_slab_5/RS#HG#MR2s5#R#afdx#7613#39#L.TIF,942.0
0,/data1/users/tfunck/receptor/MR2/img_lin/R_slab_5/RS#HG#MR2s5#R#pire#9586#27#L.TIF,943.0
0,/data1/users/tfunck/receptor/MR2/img_lin/R_slab_5/RS#HG#MR2s5#R#ly34#7623#48#L.TIF,944.0
0,/data1/users/tfunck/receptor/MR2/img_lin/R_slab_5/RS#HG#MR2s5#R#uk14#7521#10#L.TIF,945.0
0,/data1/users/tfunck/receptor/MR2/img_lin/R_slab_5/RS#HG#MR2s5#R#sch2#7537#06#L.TIF,946.0
0,/data1/users/tfunck/receptor/MR2/img_lin/R_slab_5/RS#HG#MR2s5#R#dpat#7500#33#L.TIF,947.0
0,/data1/users/tfunck/receptor/MR2/img_lin/R_slab_5/RS#HG#MR2s5#R#dpmg#7578#17#L.TIF,948.0
0,/data1/users/tfunck/receptor/MR2/img_lin/R_slab_5/RS#HG#MR2S5#R#cgp5#7585#13#L.TIF,949.0
0,/data1/users/tfunck/receptor/MR2/img_lin/R_slab_5/RS#HG#MR2s5#R#uk14#7525#39#L.TIF,950.0
0,/data1/users/tfunck/receptor/MR2/img_lin/R_slab_5/RS#HG#MR2s5#R#damp#7602#22#L.TIF,951.0
0,/data1/users/tfunck/receptor/MR2/img_lin/R_slab_5/RS#HG#MR2s5#R#damp#7606#43#L.TIF,952.0
0,/data1/users/tfunck/receptor/MR2/img_lin/R_slab_5/RS#HG#MR2s5#R#musc#7479#47#L.TIF,953.0
0,/data1/users/tfunck/receptor/MR2/img_lin/R_slab_5/RS#HG#MR2s5#R#pire#9587#28#L.TIF,954.0
0,/data1/users/tfunck/receptor/MR2/img_lin/R_slab_5/RS#HG#MR2s5#R#ly34#7617#02#L.TIF,955.0
0,/data1/users/tfunck/receptor/MR2/img_lin/R_slab_5/RS#HG#MR2s5#R#dpat#7497#09#L.TIF,956.0
0,/data1/users/tfunck/receptor/MR2/img_lin/R_slab_5/RS#HG#MR2s5#R#epib#7545#01#L.TIF,957.0
0,/data1/users/tfunck/receptor/MR2/img_lin/R_slab_5/RS#HG#MR2s5#R#ly34#7622#43#L.TIF,958.0
0,/data1/users/tfunck/receptor/MR2/img_lin/R_slab_5/RS#HG#MR2s5#R#ampa#7450#19#L.TIF,959.0
0,/data1/users/tfunck/receptor/MR2/img_lin/R_slab_5/RS#HG#MR2s5#R#damp#7606#45#L.TIF,960.0
0,/data1/users/tfunck/receptor/MR2/img_lin/R_slab_5/RS#HG#MR2s5#R#sr95#7627#28#L.TIF,961.0
0,/data1/users/tfunck/receptor/MR2/img_lin/R_slab_5/RS#HG#MR2s5#R#keta#7507#29#L.TIF,962.0
0,/data1/users/tfunck/receptor/MR2/img_lin/R_slab_5/RS#HG#MR2s5#R#sr95#7625#04#L.TIF,963.0
0,/data1/users/tfunck/receptor/MR2/img_lin/R_slab_5/RS#HG#MR2s5#R#sch2#7544#52#L.TIF,964.0
0,/data1/users/tfunck/receptor/MR2/img_lin/R_slab_5/RS#HG#MR2s5#R#praz#7515#28#L.TIF,965.0
0,/data1/users/tfunck/receptor/MR2/img_lin/R_slab_5/RS#HG#MR2s5#R#sr95#7625#02#L.TIF,966.0
0,/data1/users/tfunck/receptor/MR2/img_lin/R_slab_5/RS#HG#MR2s5#R#uk14#7527#45#L.TIF,967.0
0,/data1/users/tfunck/receptor/MR2/img_lin/R_slab_5/RS#HG#MR2s5#R#uk14#7524#33#L.TIF,968.0
0,/data1/users/tfunck/receptor/MR2/img_lin/R_slab_5/RS#HG#MR2s5#R#keta#7505#07#L.TIF,969.0
0,/data1/users/tfunck/receptor/MR2/img_lin/R_slab_5/RS#HG#MR2s5#R#praz#7513#08#L.TIF,970.0
0,/data1/users/tfunck/receptor/MR2/img_lin/R_slab_5/RS#HG#MR2s5#R#dpat#7499#25#L.TIF,971.0
0,/data1/users/tfunck/receptor/MR2/img_lin/R_slab_5/RS#HG#MR2s5#R#rx82#7531#24#L.TIF,972.0
0,/data1/users/tfunck/receptor/MR2/img_lin/R_slab_5/RS#HG#MR2s5#R#ly34#7623#47#L.TIF,973.0
0,/data1/users/tfunck/receptor/MR2/img_lin/R_slab_5/RS#HG#MR2s5#R#uk14#7527#48#L.TIF,974.0
0,/data1/users/tfunck/receptor/MR2/img_lin/R_slab_5/RS#HG#MR2s5#R#damp#7602#23#L.TIF,975.0
0,/data1/users/tfunck/receptor/MR2/img_lin/R_slab_5/RS#HG#MR2s5#R#dpat#7497#13#L.TIF,976.0
0,/data1/users/tfunck/receptor/MR2/img_lin/R_slab_5/RS#HG#MR2s5#R#mk80#7465#15#L.TIF,977.0
0,/data1/users/tfunck/receptor/MR2/img_lin/R_slab_5/RS#HG#MR2s5#R#afdx#7609#09#L.TIF,978.0
0,/data1/users/tfunck/receptor/MR2/img_lin/R_slab_5/RS#HG#MR2s5#R#dpat#7500#31#L.TIF,979.0
0,/data1/users/tfunck/receptor/MR2/img_lin/R_slab_5/RS#HG#MR2s5#R#kain#7463#47#L.TIF,980.0
0,/data1/users/tfunck/receptor/MR2/img_lin/R_slab_5/RS#HG#MR2s5#R#epib#7545#08#L.TIF,981.0
0,/data1/users/tfunck/receptor/MR2/img_lin/R_slab_5/RS#HG#MR2s5#R#damp#7604#33#L.TIF,982.0
0,/data1/users/tfunck/receptor/MR2/img_lin/R_slab_5/RS#HG#MR2s5#R#ly34#7617#08#L.TIF,983.0
0,/data1/users/tfunck/receptor/MR2/img_lin/R_slab_5/RS#HG#MR2s5#R#damp#7605#40#L.TIF,984.0
0,/data1/users/tfunck/receptor/MR2/img_lin/R_slab_5/RS#HG#MR2s5#R#ampa#7455#47#L.TIF,985.0
0,/data1/users/tfunck/receptor/MR2/img_lin/R_slab_5/RS#HG#MR2s5#R#ly34#7621#41#L.TIF,986.0
0,/data1/users/tfunck/receptor/MR2/img_lin/R_slab_5/RS#HG#MR2s5#R#pire#9587#32#L.TIF,987.0
0,/data1/users/tfunck/receptor/MR2/img_lin/R_slab_5/RS#HG#MR2s5#R#sr95#7629#35#L.TIF,988.0
0,/data1/users/tfunck/receptor/MR2/img_lin/R_slab_5/RS#HG#MR2s5#R#epib#7546#17#L.TIF,989.0
0,/data1/users/tfunck/receptor/MR2/img_lin/R_slab_5/RS#HG#MR2s5#R#damp#7601#16#L.TIF,990.0
0,/data1/users/tfunck/receptor/MR2/img_lin/R_slab_5/RS#HG#MR2s5#R#kain#7458#22#L.TIF,991.0
0,/data1/users/tfunck/receptor/MR2/img_lin/R_slab_5/RS#HG#MR2S5#R#cgp5#7588#37#L.TIF,992.0
0,/data1/users/tfunck/receptor/MR2/img_lin/R_slab_5/RS#HG#MR2s5#R#musc#7476#31#L.TIF,993.0
0,/data1/users/tfunck/receptor/MR2/img_lin/R_slab_5/RS#HG#MR2s5#R#kain#7458#21#L.TIF,994.0
0,/data1/users/tfunck/receptor/MR2/img_lin/R_slab_5/RS#HG#MR2s5#R#dpmg#7579#25#L.TIF,995.0
0,/data1/users/tfunck/receptor/MR2/img_lin/R_slab_5/RS#HG#MR2s5#R#sr95#7626#20#L.TIF,996.0
0,/data1/users/tfunck/receptor/MR2/img_lin/R_slab_5/RS#HG#MR2s5#R#damp#7601#10#L.TIF,997.0
0,/data1/users/tfunck/receptor/MR2/img_lin/R_slab_5/RS#HG#MR2s5#R#rx82#7530#19#L.TIF,998.0
0,/data1/users/tfunck/receptor/MR2/img_lin/R_slab_5/RS#HG#MR2s5#R#sr95#7625#16#L.TIF,999.0
0,/data1/users/tfunck/receptor/MR2/img_lin/R_slab_5/RS#HG#MR2s5#R#afdx#7611#27#L.TIF,1000.0
0,/data1/users/tfunck/receptor/MR2/img_lin/R_slab_5/RS#HG#MR2S5#R#cgp5#7588#35#L.TIF,1001.0
0,/data1/users/tfunck/receptor/MR2/img_lin/R_slab_5/RS#HG#MR2S5#R#cgp5#7586#25#L.TIF,1002.0
0,/data1/users/tfunck/receptor/MR2/img_lin/R_slab_5/RS#HG#MR2s5#R#afdx#7609#07#L.TIF,1003.0
0,/data1/users/tfunck/receptor/MR2/img_lin/R_slab_5/RS#HG#MR2s5#R#dpmg#7579#26#L.TIF,1004.0
0,/data1/users/tfunck/receptor/MR2/img_lin/R_slab_5/RS#HG#MR2s5#R#sr95#7626#21#L.TIF,1005.0
0,/data1/users/tfunck/receptor/MR2/img_lin/R_slab_5/RS#HG#MR2s5#R#ampa#7452#34#L.TIF,1006.0
0,/data1/users/tfunck/receptor/MR2/img_lin/R_slab_5/RS#HG#MR2s5#R#sch2#7541#35#L.TIF,1007.0
0,/data1/users/tfunck/receptor/MR2/img_lin/R_slab_5/RS#HG#MR2s5#R#mk80#7466#20#L.TIF,1008.0
0,/data1/users/tfunck/receptor/MR2/img_lin/R_slab_5/RS#HG#MR2s5#R#uk14#7521#04#L.TIF,1009.0
0,/data1/users/tfunck/receptor/MR2/img_lin/R_slab_5/RS#HG#MR2s5#R#oxot#7492#32#L.TIF,1010.0
0,/data1/users/tfunck/receptor/MR2/img_lin/R_slab_5/RS#HG#MR2s5#R#sch2#7543#48#L.TIF,1011.0
0,/data1/users/tfunck/receptor/MR2/img_lin/R_slab_5/RS#HG#MR2s5#R#pire#9586#25#L.TIF,1012.0
0,/data1/users/tfunck/receptor/MR2/img_lin/R_slab_5/RS#HG#MR2s5#R#ly34#7622#42#L.TIF,1013.0
0,/data1/users/tfunck/receptor/MR2/img_lin/R_slab_5/RS#HG#MR2s5#R#praz#7519#45#L.TIF,1014.0
0,/data1/users/tfunck/receptor/MR2/img_lin/R_slab_5/RS#HG#MR2s5#R#ampa#7456#52#L.TIF,1015.0
0,/data1/users/tfunck/receptor/MR2/img_lin/R_slab_5/RS#HG#MR2s5#R#kain#7462#45#L.TIF,1016.0
0,/data1/users/tfunck/receptor/MR2/img_lin/R_slab_5/RS#HG#MR2s5#R#damp#7601#09#L.TIF,1017.0
0,/data1/users/tfunck/receptor/MR2/img_lin/R_slab_5/RS#HG#MR2S5#R#cgp5#7585#04#L.TIF,1018.0
0,/data1/users/tfunck/receptor/MR2/img_lin/R_slab_5/RS#HG#MR2s5#R#mk80#7468#36#L.TIF,1019.0
0,/data1/users/tfunck/receptor/MR2/img_lin/R_slab_5/RS#HG#MR2s5#R#ly34#7619#30#L.TIF,1020.0
0,/data1/users/tfunck/receptor/MR2/img_lin/R_slab_5/RS#HG#MR2s5#R#dpat#7501#39#L.TIF,1021.0
0,/data1/users/tfunck/receptor/MR2/img_lin/R_slab_5/RS#HG#MR2s5#R#keta#7505#12#L.TIF,1022.0
0,/data1/users/tfunck/receptor/MR2/img_lin/R_slab_5/RS#HG#MR2s5#R#sch2#7537#03#L.TIF,1023.0
